date,cases,Mean.R.,province,city,roll_corr
3/14/2022,6,1.586352781,Beijing,Beijing_Beijing,NA
3/15/2022,10,1.278762892,Beijing,Beijing_Beijing,NA
3/16/2022,4,1.07286613,Beijing,Beijing_Beijing,NA
3/17/2022,8,0.928811163,Beijing,Beijing_Beijing,NA
3/18/2022,1,0.825004736,Beijing,Beijing_Beijing,NA
3/19/2022,1,0.749852639,Beijing,Beijing_Beijing,NA
3/20/2022,4,0.696910202,Beijing,Beijing_Beijing,NA
3/21/2022,6,0.662459579,Beijing,Beijing_Beijing,NA
3/22/2022,4,0.644294546,Beijing,Beijing_Beijing,NA
3/23/2022,4,0.641160325,Beijing,Beijing_Beijing,NA
3/24/2022,0,0.652235653,Beijing,Beijing_Beijing,NA
3/25/2022,2,0.677270683,Beijing,Beijing_Beijing,NA
3/26/2022,1,0.716755756,Beijing,Beijing_Beijing,NA
3/27/2022,0,0.771918625,Beijing,Beijing_Beijing,0.930548695
3/28/2022,0,0.843975542,Beijing,Beijing_Beijing,0.884472604
3/29/2022,2,0.933027668,Beijing,Beijing_Beijing,0.673893382
3/30/2022,0,1.036462203,Beijing,Beijing_Beijing,0.222043009
3/31/2022,0,1.148084313,Beijing,Beijing_Beijing,-0.146826334
4/1/2022,0,1.257365978,Beijing,Beijing_Beijing,-0.303171337
4/2/2022,0,1.350791935,Beijing,Beijing_Beijing,-0.323476833
4/3/2022,1,1.41520785,Beijing,Beijing_Beijing,-0.157589983
4/4/2022,9,1.442153671,Beijing,Beijing_Beijing,0.133145166
4/5/2022,5,1.429693606,Beijing,Beijing_Beijing,0.616754645
4/6/2022,4,1.382292423,Beijing,Beijing_Beijing,0.55807364
4/7/2022,10,1.310430166,Beijing,Beijing_Beijing,0.502410113
4/8/2022,6,1.225743747,Beijing,Beijing_Beijing,0.406403971
4/9/2022,3,1.137747295,Beijing,Beijing_Beijing,0.274802335
4/10/2022,0,1.053470335,Beijing,Beijing_Beijing,0.047880354
4/11/2022,4,0.978630995,Beijing,Beijing_Beijing,-0.306614021
4/12/2022,0,0.919197615,Beijing,Beijing_Beijing,-0.622802154
4/13/2022,1,0.882129765,Beijing,Beijing_Beijing,-0.788730668
4/14/2022,2,0.874478542,Beijing,Beijing_Beijing,-0.872763235
4/15/2022,0,0.90528935,Beijing,Beijing_Beijing,-0.90907504
4/16/2022,0,0.987421461,Beijing,Beijing_Beijing,-0.921615112
4/17/2022,3,1.136235319,Beijing,Beijing_Beijing,-0.89166735
4/18/2022,2,1.365079929,Beijing,Beijing_Beijing,-0.694872194
4/19/2022,2,1.673633979,Beijing,Beijing_Beijing,-0.19186455
4/20/2022,1,2.032244646,Beijing,Beijing_Beijing,0.31711675
4/21/2022,1,2.378033859,Beijing,Beijing_Beijing,0.634605736
4/22/2022,6,2.637579848,Beijing,Beijing_Beijing,0.793543692
4/23/2022,22,2.762438751,Beijing,Beijing_Beijing,0.894685488
4/24/2022,19,2.745015034,Beijing,Beijing_Beijing,0.926720108
4/25/2022,33,2.608408502,Beijing,Beijing_Beijing,0.950308532
4/26/2022,34,2.397135054,Beijing,Beijing_Beijing,0.971685123
4/27/2022,50,2.157620911,Beijing,Beijing_Beijing,0.952763087
4/28/2022,49,1.920535657,Beijing,Beijing_Beijing,0.862069057
4/29/2022,54,1.700485017,Beijing,Beijing_Beijing,0.769142032
4/30/2022,59,1.502405327,Beijing,Beijing_Beijing,0.766272429
5/1/2022,41,1.327706437,Beijing,Beijing_Beijing,0.818707023
5/2/2022,62,1.178299264,Beijing,Beijing_Beijing,0.911333243
5/3/2022,51,1.056163541,Beijing,Beijing_Beijing,0.965248267
5/4/2022,50,0.96217135,Beijing,Beijing_Beijing,0.981894283
5/5/2022,72,0.896818318,Beijing,Beijing_Beijing,0.984995125
5/6/2022,53,0.859916766,Beijing,Beijing_Beijing,0.986125077
5/7/2022,62,0.850693477,Beijing,Beijing_Beijing,0.988664464
5/8/2022,49,0.867661609,Beijing,Beijing_Beijing,0.987181642
5/9/2022,74,0.90786662,Beijing,Beijing_Beijing,0.990153816
5/10/2022,37,0.965848124,Beijing,Beijing_Beijing,0.991430307
5/11/2022,46,1.032918811,Beijing,Beijing_Beijing,0.9750233
5/12/2022,50,1.097695953,Beijing,Beijing_Beijing,0.912218612
5/13/2022,56,1.149176393,Beijing,Beijing_Beijing,0.734795021
5/14/2022,41,1.179178907,Beijing,Beijing_Beijing,0.274108607
5/15/2022,54,1.183809202,Beijing,Beijing_Beijing,-0.369790241
5/16/2022,52,1.164241259,Beijing,Beijing_Beijing,-0.769362239
5/17/2022,69,1.124937224,Beijing,Beijing_Beijing,-0.882867378
5/18/2022,55,1.071462646,Beijing,Beijing_Beijing,-0.850377622
5/19/2022,62,1.009121657,Beijing,Beijing_Beijing,-0.737509422
5/20/2022,70,0.9424986,Beijing,Beijing_Beijing,-0.534378384
5/21/2022,61,0.875575276,Beijing,Beijing_Beijing,-0.247926847
5/22/2022,99,0.811714809,Beijing,Beijing_Beijing,0.062554916
5/23/2022,48,0.752986915,Beijing,Beijing_Beijing,0.361172866
5/24/2022,47,0.700421293,Beijing,Beijing_Beijing,0.596454086
5/25/2022,45,0.654523972,Beijing,Beijing_Beijing,0.748904233
5/26/2022,29,0.615672604,Beijing,Beijing_Beijing,0.816738855
5/27/2022,24,0.584279483,Beijing,Beijing_Beijing,0.869513187
5/28/2022,21,0.560942301,Beijing,Beijing_Beijing,0.91032855
5/29/2022,12,0.546631844,Beijing,Beijing_Beijing,0.949997459
5/30/2022,18,0.542947921,Beijing,Beijing_Beijing,0.950384367
5/31/2022,15,0.552483091,Beijing,Beijing_Beijing,0.934532712
6/1/2022,14,0.579132903,Beijing,Beijing_Beijing,0.814568886
6/2/2022,15,0.628611436,Beijing,Beijing_Beijing,0.462871239
6/3/2022,6,0.709595023,Beijing,Beijing_Beijing,0.427430428
6/4/2022,19,0.832670803,Beijing,Beijing_Beijing,0.689423351
6/5/2022,6,1.005336109,Beijing,Beijing_Beijing,0.895083327
6/6/2022,2,1.222762754,Beijing,Beijing_Beijing,0.971369499
6/7/2022,8,1.457347232,Beijing,Beijing_Beijing,0.988584329
6/8/2022,1,1.659208019,Beijing,Beijing_Beijing,0.992956874
6/9/2022,8,1.776638136,Beijing,Beijing_Beijing,0.995790795
6/10/2022,61,1.78299111,Beijing,Beijing_Beijing,0.993689085
6/11/2022,65,1.686947477,Beijing,Beijing_Beijing,0.982361792
6/12/2022,51,1.52036743,Beijing,Beijing_Beijing,0.955262826
6/13/2022,74,1.320026814,Beijing,Beijing_Beijing,0.908650792
6/14/2022,63,1.115907306,Beijing,Beijing_Beijing,0.810929804
6/15/2022,18,0.922542725,Beijing,Beijing_Beijing,0.635484789
6/16/2022,22,0.743290816,Beijing,Beijing_Beijing,0.390001774
6/17/2022,9,0.578681527,Beijing,Beijing_Beijing,0.108124119
6/18/2022,1,0.431652794,Beijing,Beijing_Beijing,-0.145256155
6/19/2022,5,0.308521739,Beijing,Beijing_Beijing,-0.331582302
6/20/2022,5,0.21567296,Beijing,Beijing_Beijing,-0.466718246
6/21/2022,6,0.152478511,Beijing,Beijing_Beijing,-0.534101797
6/22/2022,3,0.113720782,Beijing,Beijing_Beijing,-0.557295395
6/23/2022,3,0.094126002,Beijing,Beijing_Beijing,-0.518887587
6/24/2022,2,0.09101007,Beijing,Beijing_Beijing,-0.457641802
6/25/2022,1,0.106360377,Beijing,Beijing_Beijing,-0.471460177
6/26/2022,4,0.150517414,Beijing,Beijing_Beijing,-0.51772807
6/27/2022,0,0.250133527,Beijing,Beijing_Beijing,-0.475823819
6/28/2022,1,0.459862468,Beijing,Beijing_Beijing,-0.311278773
6/29/2022,1,0.855499282,Beijing,Beijing_Beijing,0.154033634
6/30/2022,0,1.453075611,Beijing,Beijing_Beijing,0.606798258
3/4/2022,42,2.500917258,Guangdong,Guangdong_Dongguan,NA
3/5/2022,35,2.31134147,Guangdong,Guangdong_Dongguan,NA
3/6/2022,153,2.1702121,Guangdong,Guangdong_Dongguan,NA
3/7/2022,104,2.018269273,Guangdong,Guangdong_Dongguan,NA
3/8/2022,21,1.831346083,Guangdong,Guangdong_Dongguan,NA
3/9/2022,6,1.613733265,Guangdong,Guangdong_Dongguan,NA
3/10/2022,166,1.38855552,Guangdong,Guangdong_Dongguan,NA
3/11/2022,192,1.174315548,Guangdong,Guangdong_Dongguan,NA
3/12/2022,190,0.977086371,Guangdong,Guangdong_Dongguan,NA
3/13/2022,142,0.796320505,Guangdong,Guangdong_Dongguan,NA
3/14/2022,55,0.631948411,Guangdong,Guangdong_Dongguan,NA
3/15/2022,17,0.488380521,Guangdong,Guangdong_Dongguan,NA
3/16/2022,52,0.373597355,Guangdong,Guangdong_Dongguan,NA
3/17/2022,29,0.290519667,Guangdong,Guangdong_Dongguan,0.809145988
3/18/2022,14,0.236625034,Guangdong,Guangdong_Dongguan,0.782313024
3/19/2022,8,0.20785597,Guangdong,Guangdong_Dongguan,0.778562466
3/20/2022,5,0.20112142,Guangdong,Guangdong_Dongguan,0.788916964
3/21/2022,0,0.215231973,Guangdong,Guangdong_Dongguan,0.801137797
3/22/2022,8,0.250484583,Guangdong,Guangdong_Dongguan,0.825909217
3/23/2022,4,0.307029042,Guangdong,Guangdong_Dongguan,0.846685852
3/24/2022,7,0.383680513,Guangdong,Guangdong_Dongguan,0.865622428
3/25/2022,2,0.475880089,Guangdong,Guangdong_Dongguan,0.872853233
3/26/2022,3,0.574207079,Guangdong,Guangdong_Dongguan,0.847747017
3/27/2022,4,0.665699991,Guangdong,Guangdong_Dongguan,0.764961423
3/28/2022,5,0.737928527,Guangdong,Guangdong_Dongguan,0.717118305
3/29/2022,2,0.783445613,Guangdong,Guangdong_Dongguan,0.778743675
3/30/2022,8,0.801855215,Guangdong,Guangdong_Dongguan,0.886030264
3/31/2022,9,0.798364246,Guangdong,Guangdong_Dongguan,0.956767535
4/1/2022,6,0.780671437,Guangdong,Guangdong_Dongguan,0.986581453
4/2/2022,5,0.756368731,Guangdong,Guangdong_Dongguan,0.993799025
4/3/2022,4,0.731862532,Guangdong,Guangdong_Dongguan,0.987719254
4/4/2022,1,0.712600724,Guangdong,Guangdong_Dongguan,0.978316602
4/5/2022,1,0.703974906,Guangdong,Guangdong_Dongguan,0.943477156
4/6/2022,0,0.712430667,Guangdong,Guangdong_Dongguan,0.760297295
4/7/2022,0,0.745047923,Guangdong,Guangdong_Dongguan,0.527031682
4/8/2022,0,0.809040851,Guangdong,Guangdong_Dongguan,0.390003884
4/9/2022,0,0.911190387,Guangdong,Guangdong_Dongguan,0.514192219
4/10/2022,0,1.054992044,Guangdong,Guangdong_Dongguan,0.634712269
4/11/2022,0,1.235743331,Guangdong,Guangdong_Dongguan,0.719687877
4/12/2022,1,1.437528696,Guangdong,Guangdong_Dongguan,0.749242533
4/13/2022,0,1.637470407,Guangdong,Guangdong_Dongguan,0.682256778
4/14/2022,1,1.816703336,Guangdong,Guangdong_Dongguan,0.624114362
4/15/2022,0,1.965205844,Guangdong,Guangdong_Dongguan,0.571618334
4/16/2022,3,2.077332263,Guangdong,Guangdong_Dongguan,0.525117917
4/6/2022,0,3.394894144,Guangdong,Guangdong_Guangzhou,NA
4/7/2022,4,3.153593767,Guangdong,Guangdong_Guangzhou,NA
4/8/2022,3,2.90873868,Guangdong,Guangdong_Guangzhou,NA
4/9/2022,11,2.628267972,Guangdong,Guangdong_Guangzhou,NA
4/10/2022,27,2.327302361,Guangdong,Guangdong_Guangzhou,NA
4/11/2022,31,2.032483278,Guangdong,Guangdong_Guangzhou,NA
4/12/2022,22,1.760034022,Guangdong,Guangdong_Guangzhou,NA
4/13/2022,44,1.514694846,Guangdong,Guangdong_Guangzhou,NA
4/14/2022,26,1.295321986,Guangdong,Guangdong_Guangzhou,NA
4/15/2022,33,1.100357801,Guangdong,Guangdong_Guangzhou,NA
4/16/2022,27,0.93111451,Guangdong,Guangdong_Guangzhou,NA
4/17/2022,29,0.788889938,Guangdong,Guangdong_Guangzhou,NA
4/18/2022,24,0.673663697,Guangdong,Guangdong_Guangzhou,NA
4/19/2022,20,0.58497346,Guangdong,Guangdong_Guangzhou,0.879406076
4/20/2022,12,0.523165541,Guangdong,Guangdong_Guangzhou,0.934976509
4/21/2022,6,0.491173956,Guangdong,Guangdong_Guangzhou,0.959586187
4/22/2022,9,0.496737331,Guangdong,Guangdong_Guangzhou,0.9660249
4/23/2022,4,0.552734411,Guangdong,Guangdong_Guangzhou,0.955720279
4/24/2022,3,0.676067055,Guangdong,Guangdong_Guangzhou,0.927506573
4/25/2022,2,0.878027909,Guangdong,Guangdong_Guangzhou,0.875333551
4/26/2022,0,1.138942614,Guangdong,Guangdong_Guangzhou,0.808760283
4/27/2022,0,1.38531836,Guangdong,Guangdong_Guangzhou,0.789784223
4/28/2022,14,1.521525812,Guangdong,Guangdong_Guangzhou,0.848299739
4/29/2022,42,1.515221614,Guangdong,Guangdong_Guangzhou,0.903008617
4/30/2022,27,1.406782561,Guangdong,Guangdong_Guangzhou,0.930832541
5/1/2022,24,1.249381549,Guangdong,Guangdong_Guangzhou,0.937955801
5/2/2022,11,1.075830497,Guangdong,Guangdong_Guangzhou,0.918720554
5/3/2022,12,0.901152538,Guangdong,Guangdong_Guangzhou,0.817023891
5/4/2022,17,0.735280699,Guangdong,Guangdong_Guangzhou,0.53352022
5/5/2022,14,0.5907356,Guangdong,Guangdong_Guangzhou,0.145488565
5/6/2022,7,0.475758423,Guangdong,Guangdong_Guangzhou,-0.236579354
5/7/2022,7,0.391579858,Guangdong,Guangdong_Guangzhou,-0.569129048
5/8/2022,5,0.33552767,Guangdong,Guangdong_Guangzhou,-0.793681768
5/9/2022,2,0.303778438,Guangdong,Guangdong_Guangzhou,-0.919896614
5/10/2022,1,0.292884765,Guangdong,Guangdong_Guangzhou,-0.956170713
5/11/2022,1,0.300265516,Guangdong,Guangdong_Guangzhou,-0.889274218
5/12/2022,1,0.324906312,Guangdong,Guangdong_Guangzhou,-0.730297074
5/13/2022,0,0.367860495,Guangdong,Guangdong_Guangzhou,-0.580654088
5/14/2022,0,0.43171125,Guangdong,Guangdong_Guangzhou,-0.467045944
5/15/2022,0,0.519734288,Guangdong,Guangdong_Guangzhou,-0.347487111
5/16/2022,0,0.634322005,Guangdong,Guangdong_Guangzhou,-0.20806902
5/17/2022,0,0.774694775,Guangdong,Guangdong_Guangzhou,-0.173507535
5/18/2022,1,0.935146366,Guangdong,Guangdong_Guangzhou,-0.267834043
5/19/2022,0,1.105483329,Guangdong,Guangdong_Guangzhou,-0.285360086
5/20/2022,1,1.273162844,Guangdong,Guangdong_Guangzhou,-0.20347651
2/8/2022,0,1.950595467,Guangdong,Guangdong_Shenzhen,NA
2/9/2022,0,1.706253525,Guangdong,Guangdong_Shenzhen,NA
2/10/2022,0,1.576333672,Guangdong,Guangdong_Shenzhen,NA
2/11/2022,0,1.51492565,Guangdong,Guangdong_Shenzhen,NA
2/12/2022,1,1.497446576,Guangdong,Guangdong_Shenzhen,NA
2/13/2022,1,1.511263824,Guangdong,Guangdong_Shenzhen,NA
2/14/2022,2,1.550203592,Guangdong,Guangdong_Shenzhen,NA
2/15/2022,3,1.611818846,Guangdong,Guangdong_Shenzhen,NA
2/16/2022,8,1.693964649,Guangdong,Guangdong_Shenzhen,NA
2/17/2022,3,1.790050637,Guangdong,Guangdong_Shenzhen,NA
2/18/2022,3,1.887646505,Guangdong,Guangdong_Shenzhen,NA
2/19/2022,8,1.969826825,Guangdong,Guangdong_Shenzhen,NA
2/20/2022,7,2.018830591,Guangdong,Guangdong_Shenzhen,NA
2/21/2022,3,2.020924851,Guangdong,Guangdong_Shenzhen,-0.864510582
2/22/2022,8,1.970017681,Guangdong,Guangdong_Shenzhen,-0.915512257
2/23/2022,9,1.868908321,Guangdong,Guangdong_Shenzhen,-0.917298917
2/24/2022,13,1.731731028,Guangdong,Guangdong_Shenzhen,-0.846537367
2/25/2022,18,1.578836438,Guangdong,Guangdong_Shenzhen,-0.644420776
2/26/2022,30,1.426463809,Guangdong,Guangdong_Shenzhen,-0.27227899
2/27/2022,36,1.284353633,Guangdong,Guangdong_Shenzhen,0.172907978
2/28/2022,28,1.158179343,Guangdong,Guangdong_Shenzhen,0.562729919
3/1/2022,25,1.053001604,Guangdong,Guangdong_Shenzhen,0.786792638
3/2/2022,25,0.976206967,Guangdong,Guangdong_Shenzhen,0.894553893
3/3/2022,23,0.937544383,Guangdong,Guangdong_Shenzhen,0.94824544
3/4/2022,21,0.946466595,Guangdong,Guangdong_Shenzhen,0.974494993
3/5/2022,17,1.011083665,Guangdong,Guangdong_Shenzhen,0.985560548
3/6/2022,19,1.135694463,Guangdong,Guangdong_Shenzhen,0.97156048
3/7/2022,13,1.313441619,Guangdong,Guangdong_Shenzhen,0.911791465
3/8/2022,6,1.517307511,Guangdong,Guangdong_Shenzhen,0.725208249
3/9/2022,15,1.699883431,Guangdong,Guangdong_Shenzhen,0.349394921
3/10/2022,11,1.810358402,Guangdong,Guangdong_Shenzhen,-0.094965356
3/11/2022,29,1.820687717,Guangdong,Guangdong_Shenzhen,-0.443498704
3/12/2022,66,1.741159805,Guangdong,Guangdong_Shenzhen,-0.669044813
3/13/2022,86,1.604588278,Guangdong,Guangdong_Shenzhen,-0.806849923
3/14/2022,60,1.441993265,Guangdong,Guangdong_Shenzhen,-0.771850007
3/15/2022,92,1.273215836,Guangdong,Guangdong_Shenzhen,-0.560452676
3/16/2022,91,1.108622954,Guangdong,Guangdong_Shenzhen,-0.196775871
3/17/2022,105,0.954015184,Guangdong,Guangdong_Shenzhen,0.22457424
3/18/2022,77,0.814601923,Guangdong,Guangdong_Shenzhen,0.587959097
3/19/2022,66,0.694058773,Guangdong,Guangdong_Shenzhen,0.82254207
3/20/2022,44,0.593279416,Guangdong,Guangdong_Shenzhen,0.937167128
3/21/2022,28,0.511436511,Guangdong,Guangdong_Shenzhen,0.981498858
3/22/2022,18,0.446885442,Guangdong,Guangdong_Shenzhen,0.984276306
3/23/2022,9,0.397724166,Guangdong,Guangdong_Shenzhen,0.968337668
3/24/2022,3,0.362114367,Guangdong,Guangdong_Shenzhen,0.932122387
3/25/2022,7,0.338447069,Guangdong,Guangdong_Shenzhen,0.861451902
3/26/2022,3,0.325448815,Guangdong,Guangdong_Shenzhen,0.714568126
3/27/2022,7,0.322534573,Guangdong,Guangdong_Shenzhen,0.438163511
3/28/2022,9,0.329870321,Guangdong,Guangdong_Shenzhen,0.088770522
3/29/2022,8,0.348281196,Guangdong,Guangdong_Shenzhen,-0.238555273
3/30/2022,9,0.379137806,Guangdong,Guangdong_Shenzhen,-0.494091221
3/31/2022,2,0.424101113,Guangdong,Guangdong_Shenzhen,-0.634438269
4/1/2022,2,0.484608927,Guangdong,Guangdong_Shenzhen,-0.625008644
4/2/2022,1,0.561044321,Guangdong,Guangdong_Shenzhen,-0.36226205
4/3/2022,0,0.651822238,Guangdong,Guangdong_Shenzhen,0.114187476
4/4/2022,0,0.753215093,Guangdong,Guangdong_Shenzhen,0.395072551
4/5/2022,0,0.859573367,Guangdong,Guangdong_Shenzhen,0.613943733
4/6/2022,0,0.964084935,Guangdong,Guangdong_Shenzhen,0.81648607
4/7/2022,0,1.059812691,Guangdong,Guangdong_Shenzhen,0.897387355
4/8/2022,1,1.140549678,Guangdong,Guangdong_Shenzhen,0.926002371
4/9/2022,4,1.201386369,Guangdong,Guangdong_Shenzhen,0.935238534
4/10/2022,1,1.239083364,Guangdong,Guangdong_Shenzhen,0.942891232
4/11/2022,0,1.252309413,Guangdong,Guangdong_Shenzhen,0.948596243
4/12/2022,5,1.24221326,Guangdong,Guangdong_Shenzhen,0.955134272
4/13/2022,21,1.213095135,Guangdong,Guangdong_Shenzhen,0.957009376
4/14/2022,8,1.170820445,Guangdong,Guangdong_Shenzhen,0.957733404
4/15/2022,4,1.121177165,Guangdong,Guangdong_Shenzhen,0.960855144
4/16/2022,8,1.069176738,Guangdong,Guangdong_Shenzhen,0.963114718
4/17/2022,4,1.019126728,Guangdong,Guangdong_Shenzhen,0.963455664
4/18/2022,1,0.975081315,Guangdong,Guangdong_Shenzhen,0.927910246
4/19/2022,0,0.94101797,Guangdong,Guangdong_Shenzhen,0.875942569
4/20/2022,0,0.919880438,Guangdong,Guangdong_Shenzhen,0.844360456
4/21/2022,0,0.913184175,Guangdong,Guangdong_Shenzhen,0.833771385
4/22/2022,1,0.921233461,Guangdong,Guangdong_Shenzhen,0.830739431
3/2/2022,8,1.570859558,Guangxi,Guangxi_Fangchenggang,NA
3/3/2022,8,1.266365899,Guangxi,Guangxi_Fangchenggang,NA
3/4/2022,6,1.065638987,Guangxi,Guangxi_Fangchenggang,NA
3/5/2022,6,0.927101861,Guangxi,Guangxi_Fangchenggang,NA
3/6/2022,3,0.828636503,Guangxi,Guangxi_Fangchenggang,NA
3/7/2022,2,0.758855553,Guangxi,Guangxi_Fangchenggang,NA
3/8/2022,2,0.712070046,Guangxi,Guangxi_Fangchenggang,NA
3/9/2022,1,0.685800537,Guangxi,Guangxi_Fangchenggang,NA
3/10/2022,5,0.679364379,Guangxi,Guangxi_Fangchenggang,NA
3/11/2022,3,0.693305562,Guangxi,Guangxi_Fangchenggang,NA
3/12/2022,2,0.728940402,Guangxi,Guangxi_Fangchenggang,NA
3/13/2022,3,0.787934242,Guangxi,Guangxi_Fangchenggang,NA
3/14/2022,3,0.871261825,Guangxi,Guangxi_Fangchenggang,NA
3/15/2022,1,0.977658369,Guangxi,Guangxi_Fangchenggang,0.401513514
3/16/2022,1,1.102164239,Guangxi,Guangxi_Fangchenggang,0.099060677
3/17/2022,2,1.236381027,Guangxi,Guangxi_Fangchenggang,0.052632889
3/18/2022,5,1.369003829,Guangxi,Guangxi_Fangchenggang,-0.023193722
3/19/2022,4,1.485911902,Guangxi,Guangxi_Fangchenggang,-0.267468942
3/20/2022,4,1.571069457,Guangxi,Guangxi_Fangchenggang,-0.565968158
3/21/2022,2,1.609466994,Guangxi,Guangxi_Fangchenggang,-0.724599018
3/22/2022,2,1.591688564,Guangxi,Guangxi_Fangchenggang,-0.806297402
3/23/2022,6,1.517748097,Guangxi,Guangxi_Fangchenggang,-0.841775619
3/24/2022,12,1.397167427,Guangxi,Guangxi_Fangchenggang,-0.844395463
3/25/2022,7,1.245741896,Guangxi,Guangxi_Fangchenggang,-0.791547852
3/26/2022,8,1.082779549,Guangxi,Guangxi_Fangchenggang,-0.65687228
3/27/2022,9,0.922903683,Guangxi,Guangxi_Fangchenggang,-0.40413016
3/28/2022,6,0.772773043,Guangxi,Guangxi_Fangchenggang,-0.082758865
3/29/2022,3,0.635202811,Guangxi,Guangxi_Fangchenggang,0.197081255
3/30/2022,6,0.513671622,Guangxi,Guangxi_Fangchenggang,0.369187063
3/31/2022,2,0.414834935,Guangxi,Guangxi_Fangchenggang,0.467196828
4/1/2022,2,0.349506241,Guangxi,Guangxi_Fangchenggang,0.511687079
4/2/2022,0,0.331455709,Guangxi,Guangxi_Fangchenggang,0.546618852
4/3/2022,0,0.389803664,Guangxi,Guangxi_Fangchenggang,0.566309784
4/4/2022,0,0.612380413,Guangxi,Guangxi_Fangchenggang,0.430710404
4/5/2022,1,1.231231006,Guangxi,Guangxi_Fangchenggang,-0.021441512
4/6/2022,2,2.605073782,Guangxi,Guangxi_Fangchenggang,0.143397787
4/7/2022,1,4.495158814,Guangxi,Guangxi_Fangchenggang,0.801369215
4/8/2022,2,5.524577059,Guangxi,Guangxi_Fangchenggang,0.912904146
4/9/2022,7,5.141819962,Guangxi,Guangxi_Fangchenggang,0.916654849
4/10/2022,1,4.078230526,Guangxi,Guangxi_Fangchenggang,0.851545118
4/11/2022,5,3.049783503,Guangxi,Guangxi_Fangchenggang,0.727137111
4/12/2022,70,2.288422537,Guangxi,Guangxi_Fangchenggang,0.589890458
4/13/2022,129,1.761853782,Guangxi,Guangxi_Fangchenggang,0.469024888
4/14/2022,136,1.379244024,Guangxi,Guangxi_Fangchenggang,0.35587492
4/15/2022,55,1.063454661,Guangxi,Guangxi_Fangchenggang,0.232859798
4/16/2022,17,0.776753408,Guangxi,Guangxi_Fangchenggang,0.093564995
4/17/2022,15,0.52973364,Guangxi,Guangxi_Fangchenggang,-0.04635531
4/18/2022,14,0.343489757,Guangxi,Guangxi_Fangchenggang,-0.165157103
4/19/2022,6,0.219509114,Guangxi,Guangxi_Fangchenggang,-0.219023115
4/20/2022,5,0.145093848,Guangxi,Guangxi_Fangchenggang,-0.108128431
4/21/2022,6,0.105040007,Guangxi,Guangxi_Fangchenggang,0.142548357
4/22/2022,2,0.087918844,Guangxi,Guangxi_Fangchenggang,0.427568151
4/23/2022,2,0.08735987,Guangxi,Guangxi_Fangchenggang,0.697519188
4/24/2022,1,0.101260034,Guangxi,Guangxi_Fangchenggang,0.889991835
4/25/2022,2,0.130650037,Guangxi,Guangxi_Fangchenggang,0.96551426
4/26/2022,1,0.179266369,Guangxi,Guangxi_Fangchenggang,0.970965829
4/27/2022,0,0.252424454,Guangxi,Guangxi_Fangchenggang,0.94814408
4/28/2022,0,0.355018175,Guangxi,Guangxi_Fangchenggang,0.922007986
4/29/2022,1,0.488531622,Guangxi,Guangxi_Fangchenggang,0.898230619
4/30/2022,0,0.647530864,Guangxi,Guangxi_Fangchenggang,0.903277208
5/1/2022,2,0.817191123,Guangxi,Guangxi_Fangchenggang,0.928284429
5/2/2022,0,0.975715007,Guangxi,Guangxi_Fangchenggang,0.938558167
5/3/2022,1,1.105954897,Guangxi,Guangxi_Fangchenggang,0.951366518
5/4/2022,1,1.206554282,Guangxi,Guangxi_Fangchenggang,0.96582559
5/5/2022,0,1.290012056,Guangxi,Guangxi_Fangchenggang,0.950558085
5/6/2022,0,1.371705474,Guangxi,Guangxi_Fangchenggang,0.948279657
5/7/2022,0,1.461298998,Guangxi,Guangxi_Fangchenggang,0.951137696
5/8/2022,0,1.559296005,Guangxi,Guangxi_Fangchenggang,0.953598872
5/9/2022,0,1.657193938,Guangxi,Guangxi_Fangchenggang,0.956147365
5/10/2022,3,1.741612286,Guangxi,Guangxi_Fangchenggang,0.958504897
5/11/2022,2,1.801425597,Guangxi,Guangxi_Fangchenggang,0.945318802
5/12/2022,1,1.834022154,Guangxi,Guangxi_Fangchenggang,0.869101801
5/13/2022,0,1.845396705,Guangxi,Guangxi_Fangchenggang,0.741060987
5/14/2022,1,1.843290357,Guangxi,Guangxi_Fangchenggang,0.568980164
3/8/2022,1,2.505371546,Heilongjiang,Heilongjiang_Harbin,NA
3/9/2022,0,2.370632438,Heilongjiang,Heilongjiang_Harbin,NA
3/10/2022,10,2.342446465,Heilongjiang,Heilongjiang_Harbin,NA
3/11/2022,3,2.358608701,Heilongjiang,Heilongjiang_Harbin,NA
3/12/2022,3,2.372570286,Heilongjiang,Heilongjiang_Harbin,NA
3/13/2022,15,2.352010237,Heilongjiang,Heilongjiang_Harbin,NA
3/14/2022,14,2.27962335,Heilongjiang,Heilongjiang_Harbin,NA
3/15/2022,26,2.152539908,Heilongjiang,Heilongjiang_Harbin,NA
3/16/2022,29,1.980574706,Heilongjiang,Heilongjiang_Harbin,NA
3/17/2022,51,1.784709524,Heilongjiang,Heilongjiang_Harbin,NA
3/18/2022,63,1.585215258,Heilongjiang,Heilongjiang_Harbin,NA
3/19/2022,37,1.394530682,Heilongjiang,Heilongjiang_Harbin,NA
3/20/2022,41,1.218103856,Heilongjiang,Heilongjiang_Harbin,NA
3/21/2022,56,1.057900987,Heilongjiang,Heilongjiang_Harbin,0.964252894
3/22/2022,40,0.915602788,Heilongjiang,Heilongjiang_Harbin,0.967444674
3/23/2022,37,0.794164632,Heilongjiang,Heilongjiang_Harbin,0.976489754
3/24/2022,35,0.695478341,Heilongjiang,Heilongjiang_Harbin,0.983960823
3/25/2022,19,0.619431599,Heilongjiang,Heilongjiang_Harbin,0.99004457
3/26/2022,8,0.564781018,Heilongjiang,Heilongjiang_Harbin,0.991051774
3/27/2022,16,0.529903908,Heilongjiang,Heilongjiang_Harbin,0.98818485
3/28/2022,10,0.513125911,Heilongjiang,Heilongjiang_Harbin,0.98629052
3/29/2022,7,0.512716674,Heilongjiang,Heilongjiang_Harbin,0.985026796
3/30/2022,10,0.52662342,Heilongjiang,Heilongjiang_Harbin,0.983237491
3/31/2022,8,0.552148367,Heilongjiang,Heilongjiang_Harbin,0.974834677
4/1/2022,24,0.586573028,Heilongjiang,Heilongjiang_Harbin,0.940982055
4/2/2022,7,0.627768626,Heilongjiang,Heilongjiang_Harbin,0.823309899
4/3/2022,16,0.674539005,Heilongjiang,Heilongjiang_Harbin,0.621313596
4/4/2022,14,0.726927068,Heilongjiang,Heilongjiang_Harbin,0.258557194
4/5/2022,3,0.786542566,Heilongjiang,Heilongjiang_Harbin,-0.252184049
4/6/2022,6,0.85691899,Heilongjiang,Heilongjiang_Harbin,-0.626837094
4/7/2022,2,0.943971487,Heilongjiang,Heilongjiang_Harbin,-0.699730961
4/8/2022,2,1.056575752,Heilongjiang,Heilongjiang_Harbin,-0.577614951
4/9/2022,0,1.206467708,Heilongjiang,Heilongjiang_Harbin,-0.337631839
4/10/2022,0,1.403089527,Heilongjiang,Heilongjiang_Harbin,-0.005520596
4/11/2022,0,1.643658615,Heilongjiang,Heilongjiang_Harbin,0.43264277
4/12/2022,0,1.903890139,Heilongjiang,Heilongjiang_Harbin,0.756140707
4/13/2022,7,2.137009063,Heilongjiang,Heilongjiang_Harbin,0.920467992
4/14/2022,8,2.289211598,Heilongjiang,Heilongjiang_Harbin,0.970776757
4/15/2022,34,2.324415678,Heilongjiang,Heilongjiang_Harbin,0.982998781
4/16/2022,58,2.238759646,Heilongjiang,Heilongjiang_Harbin,0.972033842
4/17/2022,54,2.057557382,Heilongjiang,Heilongjiang_Harbin,0.9495931
4/18/2022,95,1.825932424,Heilongjiang,Heilongjiang_Harbin,0.906176746
4/19/2022,73,1.585121693,Heilongjiang,Heilongjiang_Harbin,0.829145656
4/20/2022,65,1.357316352,Heilongjiang,Heilongjiang_Harbin,0.709004898
4/21/2022,90,1.149326853,Heilongjiang,Heilongjiang_Harbin,0.556109757
4/22/2022,45,0.961330513,Heilongjiang,Heilongjiang_Harbin,0.430748903
4/23/2022,42,0.793751013,Heilongjiang,Heilongjiang_Harbin,0.406699245
4/24/2022,38,0.650612304,Heilongjiang,Heilongjiang_Harbin,0.509327912
4/25/2022,36,0.535738784,Heilongjiang,Heilongjiang_Harbin,0.670652496
4/26/2022,32,0.449366688,Heilongjiang,Heilongjiang_Harbin,0.800286633
4/27/2022,18,0.38951246,Heilongjiang,Heilongjiang_Harbin,0.881668046
4/28/2022,10,0.353624491,Heilongjiang,Heilongjiang_Harbin,0.932825354
4/29/2022,5,0.339569659,Heilongjiang,Heilongjiang_Harbin,0.964030282
4/30/2022,5,0.34594796,Heilongjiang,Heilongjiang_Harbin,0.978161968
5/1/2022,14,0.371760494,Heilongjiang,Heilongjiang_Harbin,0.978611328
5/2/2022,13,0.415459791,Heilongjiang,Heilongjiang_Harbin,0.96451748
5/3/2022,8,0.474623964,Heilongjiang,Heilongjiang_Harbin,0.928972849
5/4/2022,4,0.545887004,Heilongjiang,Heilongjiang_Harbin,0.855073665
5/5/2022,4,0.624767459,Heilongjiang,Heilongjiang_Harbin,0.725544271
5/6/2022,1,0.706096271,Heilongjiang,Heilongjiang_Harbin,0.693484505
5/7/2022,1,0.784786368,Heilongjiang,Heilongjiang_Harbin,0.821500388
3/31/2022,0,2.534780227,Henan,Henan_Anyang,NA
4/1/2022,0,2.291612203,Henan,Henan_Anyang,NA
4/2/2022,0,2.148999439,Henan,Henan_Anyang,NA
4/3/2022,1,2.063034414,Henan,Henan_Anyang,NA
4/4/2022,0,2.008133161,Henan,Henan_Anyang,NA
4/5/2022,0,1.969665996,Henan,Henan_Anyang,NA
4/6/2022,0,1.938491599,Henan,Henan_Anyang,NA
4/7/2022,0,1.908436015,Henan,Henan_Anyang,NA
4/8/2022,0,1.875108454,Henan,Henan_Anyang,NA
4/9/2022,1,1.835400062,Henan,Henan_Anyang,NA
4/10/2022,1,1.787210507,Henan,Henan_Anyang,NA
4/11/2022,1,1.729418823,Henan,Henan_Anyang,NA
4/12/2022,6,1.662512974,Henan,Henan_Anyang,NA
4/13/2022,30,1.588659614,Henan,Henan_Anyang,-0.965169548
4/14/2022,16,1.510554123,Henan,Henan_Anyang,-0.981047973
4/15/2022,8,1.430677713,Henan,Henan_Anyang,-0.977711635
4/16/2022,14,1.351058562,Henan,Henan_Anyang,-0.978880808
4/17/2022,5,1.27335415,Henan,Henan_Anyang,-0.964390359
4/18/2022,8,1.199008101,Henan,Henan_Anyang,-0.948416211
4/19/2022,6,1.129161378,Henan,Henan_Anyang,-0.927574131
4/20/2022,9,1.064474951,Henan,Henan_Anyang,-0.86532712
4/21/2022,8,1.005244552,Henan,Henan_Anyang,-0.672550173
4/22/2022,17,0.95152775,Henan,Henan_Anyang,-0.277457714
4/23/2022,12,0.903247775,Henan,Henan_Anyang,0.164878275
4/24/2022,14,0.860275557,Henan,Henan_Anyang,0.504494767
4/25/2022,6,0.822494273,Henan,Henan_Anyang,0.691980957
4/26/2022,9,0.789833361,Henan,Henan_Anyang,0.791640084
4/27/2022,10,0.76226879,Henan,Henan_Anyang,0.870353221
4/28/2022,2,0.739822236,Henan,Henan_Anyang,0.92435839
4/29/2022,4,0.722559409,Henan,Henan_Anyang,0.952796798
4/30/2022,8,0.71059391,Henan,Henan_Anyang,0.899493485
5/1/2022,1,0.704101397,Henan,Henan_Anyang,0.748517513
5/2/2022,0,0.703320464,Henan,Henan_Anyang,0.509136556
5/3/2022,0,0.708388274,Henan,Henan_Anyang,0.196887954
5/4/2022,1,0.719247553,Henan,Henan_Anyang,-0.103913636
5/5/2022,0,0.735608633,Henan,Henan_Anyang,-0.336011949
5/6/2022,0,0.756890501,Henan,Henan_Anyang,-0.48900247
5/7/2022,2,0.782165238,Henan,Henan_Anyang,-0.585391593
5/8/2022,0,0.810143468,Henan,Henan_Anyang,-0.690569575
5/9/2022,2,0.839277364,Henan,Henan_Anyang,-0.759425004
5/10/2022,4,0.868184087,Henan,Henan_Anyang,-0.821272942
3/26/2022,2,2.22756783,Henan,Henan_Zhengzhou,NA
3/27/2022,0,1.940294213,Henan,Henan_Zhengzhou,NA
3/28/2022,2,1.755636084,Henan,Henan_Zhengzhou,NA
3/29/2022,2,1.631615804,Henan,Henan_Zhengzhou,NA
3/30/2022,1,1.54543761,Henan,Henan_Zhengzhou,NA
3/31/2022,2,1.48580326,Henan,Henan_Zhengzhou,NA
4/1/2022,0,1.4479261,Henan,Henan_Zhengzhou,NA
4/2/2022,2,1.430177581,Henan,Henan_Zhengzhou,NA
4/3/2022,4,1.431245283,Henan,Henan_Zhengzhou,NA
4/4/2022,1,1.44915967,Henan,Henan_Zhengzhou,NA
4/5/2022,0,1.480654676,Henan,Henan_Zhengzhou,NA
4/6/2022,0,1.520854728,Henan,Henan_Zhengzhou,NA
4/7/2022,0,1.563329129,Henan,Henan_Zhengzhou,NA
4/8/2022,3,1.600827021,Henan,Henan_Zhengzhou,0.892578624
4/9/2022,0,1.626668992,Henan,Henan_Zhengzhou,0.752295673
4/10/2022,2,1.636625233,Henan,Henan_Zhengzhou,0.680806035
4/11/2022,3,1.629253219,Henan,Henan_Zhengzhou,0.809206402
4/12/2022,3,1.604924364,Henan,Henan_Zhengzhou,0.890398785
4/13/2022,9,1.564738071,Henan,Henan_Zhengzhou,0.891795925
4/14/2022,7,1.510032921,Henan,Henan_Zhengzhou,0.807733209
4/15/2022,13,1.442349814,Henan,Henan_Zhengzhou,0.565486128
4/16/2022,5,1.363557779,Henan,Henan_Zhengzhou,0.184985756
4/17/2022,5,1.276013176,Henan,Henan_Zhengzhou,-0.1264009
4/18/2022,8,1.183911245,Henan,Henan_Zhengzhou,-0.355679439
4/19/2022,4,1.092608915,Henan,Henan_Zhengzhou,-0.494032645
4/20/2022,14,1.006883197,Henan,Henan_Zhengzhou,-0.540319577
4/21/2022,6,0.930702883,Henan,Henan_Zhengzhou,-0.502207622
4/22/2022,13,0.86799913,Henan,Henan_Zhengzhou,-0.349017052
4/23/2022,7,0.823892855,Henan,Henan_Zhengzhou,-0.051923538
4/24/2022,3,0.806168681,Henan,Henan_Zhengzhou,0.391992023
4/25/2022,1,0.825366409,Henan,Henan_Zhengzhou,0.488175968
4/26/2022,0,0.893204688,Henan,Henan_Zhengzhou,0.46437861
4/27/2022,4,1.021180925,Henan,Henan_Zhengzhou,0.699932071
4/28/2022,1,1.21485395,Henan,Henan_Zhengzhou,0.909800603
4/29/2022,1,1.461982059,Henan,Henan_Zhengzhou,0.962071314
4/30/2022,1,1.72175072,Henan,Henan_Zhengzhou,0.969305096
5/1/2022,3,1.931629505,Henan,Henan_Zhengzhou,0.989335475
5/2/2022,2,2.036940421,Henan,Henan_Zhengzhou,0.993387897
5/3/2022,33,2.023330705,Henan,Henan_Zhengzhou,0.967109872
5/4/2022,28,1.919122302,Henan,Henan_Zhengzhou,0.945487559
5/5/2022,17,1.764439272,Henan,Henan_Zhengzhou,0.94465951
5/6/2022,39,1.59001806,Henan,Henan_Zhengzhou,0.926941205
5/7/2022,28,1.413624896,Henan,Henan_Zhengzhou,0.838485971
5/8/2022,19,1.244327305,Henan,Henan_Zhengzhou,0.766566227
5/9/2022,38,1.087682437,Henan,Henan_Zhengzhou,0.763429812
5/10/2022,20,0.948015308,Henan,Henan_Zhengzhou,0.837207798
5/11/2022,39,0.827009998,Henan,Henan_Zhengzhou,0.924188505
5/12/2022,14,0.724446624,Henan,Henan_Zhengzhou,0.969354395
5/13/2022,8,0.63914002,Henan,Henan_Zhengzhou,0.978290009
5/14/2022,8,0.569480707,Henan,Henan_Zhengzhou,0.972063563
5/15/2022,11,0.513719075,Henan,Henan_Zhengzhou,0.957629337
5/16/2022,25,0.470103369,Henan,Henan_Zhengzhou,0.92670974
5/17/2022,9,0.436942705,Henan,Henan_Zhengzhou,0.858503809
5/18/2022,4,0.412861636,Henan,Henan_Zhengzhou,0.729668731
5/19/2022,7,0.397002427,Henan,Henan_Zhengzhou,0.511343012
5/20/2022,2,0.388999111,Henan,Henan_Zhengzhou,0.156779329
5/21/2022,2,0.388953633,Henan,Henan_Zhengzhou,-0.254384112
5/22/2022,2,0.397426658,Henan,Henan_Zhengzhou,-0.627297797
5/23/2022,1,0.41543723,Henan,Henan_Zhengzhou,-0.851906303
5/24/2022,0,0.444468823,Henan,Henan_Zhengzhou,-0.907202758
5/25/2022,2,0.486500333,Henan,Henan_Zhengzhou,-0.846081197
5/26/2022,0,0.543990467,Henan,Henan_Zhengzhou,-0.61464939
5/27/2022,0,0.619487364,Henan,Henan_Zhengzhou,-0.088978397
5/28/2022,0,0.714916624,Henan,Henan_Zhengzhou,0.428146743
5/29/2022,0,0.830265928,Henan,Henan_Zhengzhou,0.711712468
5/30/2022,0,0.961835715,Henan,Henan_Zhengzhou,0.853559471
5/31/2022,2,1.101114178,Henan,Henan_Zhengzhou,0.916549623
6/1/2022,0,1.235784617,Henan,Henan_Zhengzhou,0.953140559
6/2/2022,0,1.353380035,Henan,Henan_Zhengzhou,0.979011786
6/3/2022,2,1.446541354,Henan,Henan_Zhengzhou,0.985844695
3/29/2022,27,1.985879899,Henan,Henan_Zhoukou,NA
3/30/2022,29,1.713882384,Henan,Henan_Zhoukou,NA
3/31/2022,8,1.520911928,Henan,Henan_Zhoukou,NA
4/1/2022,11,1.361361922,Henan,Henan_Zhoukou,NA
4/2/2022,16,1.211092048,Henan,Henan_Zhoukou,NA
4/3/2022,13,1.060938401,Henan,Henan_Zhoukou,NA
4/4/2022,22,0.912889055,Henan,Henan_Zhoukou,NA
4/5/2022,30,0.770550659,Henan,Henan_Zhoukou,NA
4/6/2022,17,0.635721388,Henan,Henan_Zhoukou,NA
4/7/2022,16,0.510181038,Henan,Henan_Zhoukou,NA
4/8/2022,8,0.397671332,Henan,Henan_Zhoukou,NA
4/9/2022,2,0.304448034,Henan,Henan_Zhoukou,NA
4/10/2022,0,0.237297295,Henan,Henan_Zhoukou,NA
4/11/2022,0,0.197827993,Henan,Henan_Zhoukou,0.716904244
4/12/2022,1,0.18514939,Henan,Henan_Zhoukou,0.426608809
4/13/2022,1,0.200677279,Henan,Henan_Zhoukou,-0.080069782
4/14/2022,1,0.250655388,Henan,Henan_Zhoukou,-0.408928265
4/15/2022,0,0.345270593,Henan,Henan_Zhoukou,-0.521864572
4/16/2022,0,0.490101251,Henan,Henan_Zhoukou,-0.472005555
4/17/2022,0,0.668994698,Henan,Henan_Zhoukou,-0.282015501
4/18/2022,0,0.841644772,Henan,Henan_Zhoukou,0.127355386
4/19/2022,2,0.966422692,Henan,Henan_Zhoukou,0.528874815
4/20/2022,0,1.024885469,Henan,Henan_Zhoukou,0.776438228
4/21/2022,2,1.02414777,Henan,Henan_Zhoukou,0.892303958
4/22/2022,3,0.98539756,Henan,Henan_Zhoukou,0.92397765
4/23/2022,1,0.936797996,Henan,Henan_Zhoukou,0.895229393
4/24/2022,0,0.913225159,Henan,Henan_Zhoukou,0.823826191
4/25/2022,1,0.949118824,Henan,Henan_Zhoukou,0.760461732
4/26/2022,0,1.080257786,Henan,Henan_Zhoukou,0.735982384
4/27/2022,0,1.350569061,Henan,Henan_Zhoukou,0.777743696
4/28/2022,0,1.794378372,Henan,Henan_Zhoukou,0.839986175
4/29/2022,0,2.363990328,Henan,Henan_Zhoukou,0.858005012
4/30/2022,0,2.860570059,Henan,Henan_Zhoukou,0.904982426
5/1/2022,1,3.058111516,Henan,Henan_Zhoukou,0.935660251
5/2/2022,3,2.93907075,Henan,Henan_Zhoukou,0.946581691
5/3/2022,0,2.643262436,Henan,Henan_Zhoukou,0.939042137
5/4/2022,2,2.294444001,Henan,Henan_Zhoukou,0.916553963
5/5/2022,10,1.954631748,Henan,Henan_Zhoukou,0.881604118
5/6/2022,8,1.644634383,Henan,Henan_Zhoukou,0.839770256
5/7/2022,10,1.367236332,Henan,Henan_Zhoukou,0.817381541
5/8/2022,19,1.121946407,Henan,Henan_Zhoukou,0.807564642
5/9/2022,6,0.909108938,Henan,Henan_Zhoukou,0.814408107
5/10/2022,7,0.727838033,Henan,Henan_Zhoukou,0.840359346
5/11/2022,0,0.576433602,Henan,Henan_Zhoukou,0.870270899
5/12/2022,0,0.453319054,Henan,Henan_Zhoukou,0.893702996
5/13/2022,0,0.357460996,Henan,Henan_Zhoukou,0.918849644
5/14/2022,2,0.288459732,Henan,Henan_Zhoukou,0.939862052
5/15/2022,0,0.246623706,Henan,Henan_Zhoukou,0.952995489
5/16/2022,0,0.232106709,Henan,Henan_Zhoukou,0.948520725
5/17/2022,0,0.246826326,Henan,Henan_Zhoukou,0.909690058
5/18/2022,0,0.29879082,Henan,Henan_Zhoukou,0.812792618
5/19/2022,0,0.407139619,Henan,Henan_Zhoukou,0.622091719
5/20/2022,1,0.605764352,Henan,Henan_Zhoukou,0.344204653
5/21/2022,0,0.930716628,Henan,Henan_Zhoukou,0.306515333
5/22/2022,0,1.368697553,Henan,Henan_Zhoukou,0.562746746
5/23/2022,0,1.822501047,Henan,Henan_Zhoukou,0.734919109
5/24/2022,0,2.181961075,Henan,Henan_Zhoukou,0.822084072
5/25/2022,1,2.39724763,Henan,Henan_Zhoukou,0.875548174
3/17/2022,8,1.428196915,Jiangsu,Jiangsu_Nanjing,NA
3/18/2022,10,1.070942944,Jiangsu,Jiangsu_Nanjing,NA
3/19/2022,10,0.777085274,Jiangsu,Jiangsu_Nanjing,NA
3/20/2022,10,0.553020556,Jiangsu,Jiangsu_Nanjing,NA
3/21/2022,3,0.400436446,Jiangsu,Jiangsu_Nanjing,NA
3/22/2022,2,0.308353248,Jiangsu,Jiangsu_Nanjing,NA
3/23/2022,1,0.261635276,Jiangsu,Jiangsu_Nanjing,NA
3/24/2022,2,0.247054413,Jiangsu,Jiangsu_Nanjing,NA
3/25/2022,0,0.254773026,Jiangsu,Jiangsu_Nanjing,NA
3/26/2022,1,0.279333885,Jiangsu,Jiangsu_Nanjing,NA
3/27/2022,1,0.319926457,Jiangsu,Jiangsu_Nanjing,NA
3/28/2022,1,0.380562363,Jiangsu,Jiangsu_Nanjing,NA
3/29/2022,1,0.472517652,Jiangsu,Jiangsu_Nanjing,NA
3/30/2022,1,0.619491233,Jiangsu,Jiangsu_Nanjing,0.921996815
3/31/2022,0,0.862516375,Jiangsu,Jiangsu_Nanjing,0.696190525
4/1/2022,1,1.254859762,Jiangsu,Jiangsu_Nanjing,0.184874633
4/2/2022,1,1.822695321,Jiangsu,Jiangsu_Nanjing,-0.123282357
4/3/2022,1,2.467885517,Jiangsu,Jiangsu_Nanjing,-0.176943046
4/4/2022,0,2.918350827,Jiangsu,Jiangsu_Nanjing,-0.107927227
4/5/2022,0,2.968080281,Jiangsu,Jiangsu_Nanjing,0.096798484
4/6/2022,4,2.716421404,Jiangsu,Jiangsu_Nanjing,0.581222554
4/7/2022,5,2.356878275,Jiangsu,Jiangsu_Nanjing,0.676751047
4/8/2022,1,1.999279532,Jiangsu,Jiangsu_Nanjing,0.515333775
4/9/2022,9,1.677944431,Jiangsu,Jiangsu_Nanjing,0.366083687
4/10/2022,10,1.394174917,Jiangsu,Jiangsu_Nanjing,0.196542286
4/11/2022,14,1.143662462,Jiangsu,Jiangsu_Nanjing,-0.050142527
4/12/2022,4,0.92879456,Jiangsu,Jiangsu_Nanjing,-0.328921148
4/13/2022,3,0.752288259,Jiangsu,Jiangsu_Nanjing,-0.582583377
4/14/2022,4,0.614420837,Jiangsu,Jiangsu_Nanjing,-0.799280923
4/15/2022,0,0.514793441,Jiangsu,Jiangsu_Nanjing,-0.928424634
4/16/2022,1,0.454742221,Jiangsu,Jiangsu_Nanjing,-0.981754847
4/17/2022,1,0.439798146,Jiangsu,Jiangsu_Nanjing,-0.982677755
4/18/2022,1,0.481546111,Jiangsu,Jiangsu_Nanjing,-0.978453755
4/19/2022,1,0.600179807,Jiangsu,Jiangsu_Nanjing,-0.970893921
4/20/2022,1,0.820391878,Jiangsu,Jiangsu_Nanjing,-0.93867537
3/19/2022,0,2.20763664,Jiangsu,Jiangsu_Suqian,NA
3/20/2022,0,1.954947356,Jiangsu,Jiangsu_Suqian,NA
3/21/2022,0,1.826310325,Jiangsu,Jiangsu_Suqian,NA
3/22/2022,2,1.776315799,Jiangsu,Jiangsu_Suqian,NA
3/23/2022,0,1.784291175,Jiangsu,Jiangsu_Suqian,NA
3/24/2022,0,1.845368777,Jiangsu,Jiangsu_Suqian,NA
3/25/2022,0,1.964450691,Jiangsu,Jiangsu_Suqian,NA
3/26/2022,0,2.153407495,Jiangsu,Jiangsu_Suqian,NA
3/27/2022,1,2.430085032,Jiangsu,Jiangsu_Suqian,NA
3/28/2022,0,2.792998866,Jiangsu,Jiangsu_Suqian,NA
3/29/2022,1,3.177194455,Jiangsu,Jiangsu_Suqian,NA
3/30/2022,3,3.449819105,Jiangsu,Jiangsu_Suqian,NA
3/31/2022,1,3.477948678,Jiangsu,Jiangsu_Suqian,NA
4/1/2022,7,3.226384814,Jiangsu,Jiangsu_Suqian,-0.394840554
4/2/2022,10,2.779400477,Jiangsu,Jiangsu_Suqian,-0.500325956
4/3/2022,20,2.286403898,Jiangsu,Jiangsu_Suqian,-0.445357929
4/4/2022,28,1.851836612,Jiangsu,Jiangsu_Suqian,-0.063314139
4/5/2022,32,1.498451881,Jiangsu,Jiangsu_Suqian,0.401282078
4/6/2022,39,1.207549759,Jiangsu,Jiangsu_Suqian,0.696745999
4/7/2022,28,0.954815075,Jiangsu,Jiangsu_Suqian,0.856265564
4/8/2022,14,0.729216539,Jiangsu,Jiangsu_Suqian,0.935109191
4/9/2022,9,0.538837812,Jiangsu,Jiangsu_Suqian,0.973205759
4/10/2022,2,0.395223906,Jiangsu,Jiangsu_Suqian,0.989043769
4/11/2022,5,0.298103709,Jiangsu,Jiangsu_Suqian,0.988765458
4/12/2022,2,0.239969081,Jiangsu,Jiangsu_Suqian,0.981442519
4/13/2022,1,0.212295959,Jiangsu,Jiangsu_Suqian,0.968964521
4/14/2022,0,0.208602414,Jiangsu,Jiangsu_Suqian,0.946012332
4/15/2022,0,0.224836892,Jiangsu,Jiangsu_Suqian,0.892918118
4/16/2022,0,0.259575254,Jiangsu,Jiangsu_Suqian,0.760465268
4/17/2022,2,0.314005892,Jiangsu,Jiangsu_Suqian,0.460179647
4/18/2022,0,0.390663263,Jiangsu,Jiangsu_Suqian,0.009261766
4/19/2022,1,0.492153874,Jiangsu,Jiangsu_Suqian,-0.181005395
4/20/2022,0,0.619427437,Jiangsu,Jiangsu_Suqian,0.014009321
4/21/2022,0,0.769637831,Jiangsu,Jiangsu_Suqian,0.474000523
4/22/2022,1,0.934513328,Jiangsu,Jiangsu_Suqian,0.820933374
4/23/2022,0,1.100827786,Jiangsu,Jiangsu_Suqian,0.941303038
4/24/2022,2,1.253591295,Jiangsu,Jiangsu_Suqian,0.972848604
4/25/2022,0,1.379648951,Jiangsu,Jiangsu_Suqian,0.980596368
4/26/2022,0,1.470200171,Jiangsu,Jiangsu_Suqian,0.980359105
4/27/2022,3,1.523366285,Jiangsu,Jiangsu_Suqian,0.980710736
2/17/2022,14,1.748579099,Jiangsu,Jiangsu_Suzhou,NA
2/18/2022,26,1.429262725,Jiangsu,Jiangsu_Suzhou,NA
2/19/2022,16,1.201632668,Jiangsu,Jiangsu_Suzhou,NA
2/20/2022,11,1.027577197,Jiangsu,Jiangsu_Suzhou,NA
2/21/2022,12,0.887302008,Jiangsu,Jiangsu_Suzhou,NA
2/22/2022,3,0.77072307,Jiangsu,Jiangsu_Suzhou,NA
2/23/2022,8,0.672597946,Jiangsu,Jiangsu_Suzhou,NA
2/24/2022,2,0.59028791,Jiangsu,Jiangsu_Suzhou,NA
2/25/2022,4,0.522795036,Jiangsu,Jiangsu_Suzhou,NA
2/26/2022,2,0.470439688,Jiangsu,Jiangsu_Suzhou,NA
2/27/2022,0,0.434080061,Jiangsu,Jiangsu_Suzhou,NA
2/28/2022,3,0.414692149,Jiangsu,Jiangsu_Suzhou,NA
3/1/2022,0,0.414022836,Jiangsu,Jiangsu_Suzhou,NA
3/2/2022,1,0.43501474,Jiangsu,Jiangsu_Suzhou,0.933796327
3/3/2022,0,0.482187973,Jiangsu,Jiangsu_Suzhou,0.854859958
3/4/2022,0,0.561432184,Jiangsu,Jiangsu_Suzhou,0.688206038
3/5/2022,0,0.678118698,Jiangsu,Jiangsu_Suzhou,0.409152884
3/6/2022,0,0.83337437,Jiangsu,Jiangsu_Suzhou,0.342164733
3/7/2022,0,1.018103224,Jiangsu,Jiangsu_Suzhou,0.55786906
3/8/2022,0,1.209691792,Jiangsu,Jiangsu_Suzhou,0.673569577
3/9/2022,1,1.377787209,Jiangsu,Jiangsu_Suzhou,0.739856348
3/10/2022,2,1.496476542,Jiangsu,Jiangsu_Suzhou,0.786891618
3/11/2022,0,1.556461427,Jiangsu,Jiangsu_Suzhou,0.82150842
3/12/2022,0,1.565148466,Jiangsu,Jiangsu_Suzhou,0.847792577
3/13/2022,3,1.537567933,Jiangsu,Jiangsu_Suzhou,0.869631574
3/14/2022,10,1.488744476,Jiangsu,Jiangsu_Suzhou,0.887772224
3/15/2022,12,1.430706577,Jiangsu,Jiangsu_Suzhou,0.771430657
3/16/2022,7,1.372611054,Jiangsu,Jiangsu_Suzhou,0.39340975
3/17/2022,2,1.32181014,Jiangsu,Jiangsu_Suzhou,0.108211751
3/18/2022,5,1.283585709,Jiangsu,Jiangsu_Suzhou,0.066003296
3/19/2022,1,1.261465579,Jiangsu,Jiangsu_Suzhou,0.173031338
3/20/2022,1,1.257461022,Jiangsu,Jiangsu_Suzhou,0.402144301
3/21/2022,2,1.271749598,Jiangsu,Jiangsu_Suzhou,0.71075327
3/22/2022,1,1.302864022,Jiangsu,Jiangsu_Suzhou,0.872865509
3/23/2022,4,1.347643066,Jiangsu,Jiangsu_Suzhou,0.873203986
3/24/2022,5,1.401163259,Jiangsu,Jiangsu_Suzhou,0.792240612
3/25/2022,3,1.456981042,Jiangsu,Jiangsu_Suzhou,0.63591684
3/26/2022,10,1.507861445,Jiangsu,Jiangsu_Suzhou,0.376832847
3/27/2022,7,1.547300272,Jiangsu,Jiangsu_Suzhou,0.043300321
3/28/2022,14,1.570888322,Jiangsu,Jiangsu_Suzhou,-0.252706175
3/29/2022,16,1.576830435,Jiangsu,Jiangsu_Suzhou,-0.453188117
3/30/2022,18,1.566476635,Jiangsu,Jiangsu_Suzhou,-0.580908552
3/31/2022,13,1.543106267,Jiangsu,Jiangsu_Suzhou,-0.664357498
4/1/2022,16,1.510551498,Jiangsu,Jiangsu_Suzhou,-0.708673764
4/2/2022,16,1.47239868,Jiangsu,Jiangsu_Suzhou,-0.657118759
4/3/2022,11,1.431728117,Jiangsu,Jiangsu_Suzhou,-0.356141151
4/4/2022,27,1.391167249,Jiangsu,Jiangsu_Suzhou,0.088590737
4/5/2022,23,1.352891007,Jiangsu,Jiangsu_Suzhou,0.499460445
4/6/2022,26,1.318321042,Jiangsu,Jiangsu_Suzhou,0.786877912
4/7/2022,17,1.288231543,Jiangsu,Jiangsu_Suzhou,0.925726038
4/8/2022,35,1.262479504,Jiangsu,Jiangsu_Suzhou,0.964970657
4/9/2022,23,1.240085497,Jiangsu,Jiangsu_Suzhou,0.973888463
4/10/2022,14,1.219534747,Jiangsu,Jiangsu_Suzhou,0.970429732
4/11/2022,29,1.19901111,Jiangsu,Jiangsu_Suzhou,0.95500914
4/12/2022,55,1.176589877,Jiangsu,Jiangsu_Suzhou,0.920700337
4/13/2022,40,1.150407132,Jiangsu,Jiangsu_Suzhou,0.873630247
4/14/2022,41,1.118840665,Jiangsu,Jiangsu_Suzhou,0.805982811
4/15/2022,47,1.080946812,Jiangsu,Jiangsu_Suzhou,0.712910758
4/16/2022,39,1.036566131,Jiangsu,Jiangsu_Suzhou,0.596029921
4/17/2022,32,0.98639285,Jiangsu,Jiangsu_Suzhou,0.520844368
4/18/2022,20,0.931825583,Jiangsu,Jiangsu_Suzhou,0.535397033
4/19/2022,6,0.874496312,Jiangsu,Jiangsu_Suzhou,0.626620681
4/20/2022,20,0.815979507,Jiangsu,Jiangsu_Suzhou,0.761435892
4/21/2022,26,0.757701431,Jiangsu,Jiangsu_Suzhou,0.846846523
4/22/2022,35,0.700978687,Jiangsu,Jiangsu_Suzhou,0.894385282
4/23/2022,33,0.647104297,Jiangsu,Jiangsu_Suzhou,0.91822119
4/24/2022,26,0.597117407,Jiangsu,Jiangsu_Suzhou,0.915085227
4/25/2022,37,0.551579143,Jiangsu,Jiangsu_Suzhou,0.884940328
4/26/2022,18,0.510743041,Jiangsu,Jiangsu_Suzhou,0.835515802
4/27/2022,14,0.474737171,Jiangsu,Jiangsu_Suzhou,0.767525344
4/28/2022,2,0.443646471,Jiangsu,Jiangsu_Suzhou,0.668069199
4/29/2022,1,0.41757101,Jiangsu,Jiangsu_Suzhou,0.500933051
4/30/2022,1,0.396681808,Jiangsu,Jiangsu_Suzhou,0.071405753
5/1/2022,0,0.381280611,Jiangsu,Jiangsu_Suzhou,-0.565392348
5/2/2022,0,0.371868863,Jiangsu,Jiangsu_Suzhou,-0.905414735
5/3/2022,0,0.369157199,Jiangsu,Jiangsu_Suzhou,-0.934679813
5/4/2022,0,0.373996687,Jiangsu,Jiangsu_Suzhou,-0.92846273
5/5/2022,0,0.387477305,Jiangsu,Jiangsu_Suzhou,-0.867380626
5/6/2022,1,0.410936131,Jiangsu,Jiangsu_Suzhou,-0.688276804
5/7/2022,1,0.445907232,Jiangsu,Jiangsu_Suzhou,-0.316797477
5/8/2022,1,0.493948988,Jiangsu,Jiangsu_Suzhou,0.152819751
5/9/2022,2,0.556242379,Jiangsu,Jiangsu_Suzhou,0.657773864
5/10/2022,1,0.632923453,Jiangsu,Jiangsu_Suzhou,0.907689162
5/11/2022,4,0.722258771,Jiangsu,Jiangsu_Suzhou,0.976536675
5/12/2022,0,0.820100176,Jiangsu,Jiangsu_Suzhou,0.99290908
5/13/2022,0,0.920510903,Jiangsu,Jiangsu_Suzhou,0.995894788
5/14/2022,0,1.017053599,Jiangsu,Jiangsu_Suzhou,0.994846292
5/15/2022,0,1.104465308,Jiangsu,Jiangsu_Suzhou,0.994528361
5/16/2022,0,1.179846473,Jiangsu,Jiangsu_Suzhou,0.995771807
5/17/2022,2,1.242618766,Jiangsu,Jiangsu_Suzhou,0.995390913
5/18/2022,1,1.293780342,Jiangsu,Jiangsu_Suzhou,0.992449864
5/19/2022,0,1.335097828,Jiangsu,Jiangsu_Suzhou,0.986519749
5/20/2022,1,1.368593861,Jiangsu,Jiangsu_Suzhou,0.973851245
5/21/2022,0,1.396356245,Jiangsu,Jiangsu_Suzhou,0.959176385
5/22/2022,0,1.420332798,Jiangsu,Jiangsu_Suzhou,0.939660183
5/23/2022,1,1.442240814,Jiangsu,Jiangsu_Suzhou,0.920305047
5/24/2022,0,1.463608259,Jiangsu,Jiangsu_Suzhou,0.909104203
5/25/2022,3,1.48548303,Jiangsu,Jiangsu_Suzhou,0.909325767
5/26/2022,1,1.508133024,Jiangsu,Jiangsu_Suzhou,0.92072176
5/27/2022,0,1.530875719,Jiangsu,Jiangsu_Suzhou,0.940082058
5/28/2022,3,1.552163091,Jiangsu,Jiangsu_Suzhou,0.95978872
3/21/2022,0,2.004863585,Jiangsu,Jiangsu_Wuxi,NA
3/22/2022,0,1.852966754,Jiangsu,Jiangsu_Wuxi,NA
3/23/2022,1,1.854706363,Jiangsu,Jiangsu_Wuxi,NA
3/24/2022,0,1.918245678,Jiangsu,Jiangsu_Wuxi,NA
3/25/2022,0,1.960019684,Jiangsu,Jiangsu_Wuxi,NA
3/26/2022,1,1.927839464,Jiangsu,Jiangsu_Wuxi,NA
3/27/2022,0,1.825362601,Jiangsu,Jiangsu_Wuxi,NA
3/28/2022,0,1.682466219,Jiangsu,Jiangsu_Wuxi,NA
3/29/2022,1,1.524613179,Jiangsu,Jiangsu_Wuxi,NA
3/30/2022,5,1.365559553,Jiangsu,Jiangsu_Wuxi,NA
3/31/2022,7,1.21156945,Jiangsu,Jiangsu_Wuxi,NA
4/1/2022,1,1.067744939,Jiangsu,Jiangsu_Wuxi,NA
4/2/2022,1,0.941149108,Jiangsu,Jiangsu_Wuxi,NA
4/3/2022,0,0.837346742,Jiangsu,Jiangsu_Wuxi,0.697351252
4/4/2022,0,0.759387063,Jiangsu,Jiangsu_Wuxi,0.748096835
4/5/2022,1,0.709194216,Jiangsu,Jiangsu_Wuxi,0.781455389
4/6/2022,0,0.68945355,Jiangsu,Jiangsu_Wuxi,0.806596816
4/7/2022,0,0.705796803,Jiangsu,Jiangsu_Wuxi,0.832135256
4/8/2022,2,0.769655293,Jiangsu,Jiangsu_Wuxi,0.867606078
4/9/2022,1,0.902161132,Jiangsu,Jiangsu_Wuxi,0.899490393
4/10/2022,0,1.132210777,Jiangsu,Jiangsu_Wuxi,0.909674919
4/11/2022,0,1.482423027,Jiangsu,Jiangsu_Wuxi,0.82692904
4/12/2022,1,1.927035883,Jiangsu,Jiangsu_Wuxi,0.664825962
4/13/2022,0,2.340027588,Jiangsu,Jiangsu_Wuxi,0.644056679
4/14/2022,0,2.536070932,Jiangsu,Jiangsu_Wuxi,0.74864471
4/15/2022,0,2.43425334,Jiangsu,Jiangsu_Wuxi,0.868922029
4/16/2022,4,2.131015973,Jiangsu,Jiangsu_Wuxi,0.923220241
4/17/2022,18,1.78386088,Jiangsu,Jiangsu_Wuxi,0.937260831
4/18/2022,1,1.472665935,Jiangsu,Jiangsu_Wuxi,0.902719433
4/19/2022,4,1.207259815,Jiangsu,Jiangsu_Wuxi,0.822410969
4/20/2022,1,0.973803128,Jiangsu,Jiangsu_Wuxi,0.691974427
4/21/2022,1,0.763719908,Jiangsu,Jiangsu_Wuxi,0.503712167
4/22/2022,1,0.586254866,Jiangsu,Jiangsu_Wuxi,0.27418853
4/23/2022,4,0.463180678,Jiangsu,Jiangsu_Wuxi,0.049769028
4/24/2022,0,0.407667075,Jiangsu,Jiangsu_Wuxi,-0.152963002
4/25/2022,1,0.434903184,Jiangsu,Jiangsu_Wuxi,-0.356989779
4/26/2022,1,0.590096093,Jiangsu,Jiangsu_Wuxi,-0.416891151
4/27/2022,4,0.982705746,Jiangsu,Jiangsu_Wuxi,-0.237191573
4/28/2022,0,1.771463357,Jiangsu,Jiangsu_Wuxi,0.151989448
4/29/2022,4,2.913209711,Jiangsu,Jiangsu_Wuxi,0.613138432
4/30/2022,1,3.874818133,Jiangsu,Jiangsu_Wuxi,0.818349869
5/1/2022,0,4.215108855,Jiangsu,Jiangsu_Wuxi,0.894181669
5/2/2022,0,4.039052591,Jiangsu,Jiangsu_Wuxi,0.915985572
5/3/2022,20,3.608634136,Jiangsu,Jiangsu_Wuxi,0.925148129
5/4/2022,24,3.096272652,Jiangsu,Jiangsu_Wuxi,0.92406155
5/5/2022,46,2.589385912,Jiangsu,Jiangsu_Wuxi,0.909481103
5/6/2022,67,2.129120318,Jiangsu,Jiangsu_Wuxi,0.855264419
5/7/2022,59,1.733675674,Jiangsu,Jiangsu_Wuxi,0.769604043
5/8/2022,61,1.406306656,Jiangsu,Jiangsu_Wuxi,0.722633045
5/9/2022,52,1.135317994,Jiangsu,Jiangsu_Wuxi,0.74979697
5/10/2022,48,0.905848477,Jiangsu,Jiangsu_Wuxi,0.828144164
5/11/2022,43,0.708825826,Jiangsu,Jiangsu_Wuxi,0.918418537
5/12/2022,35,0.543506845,Jiangsu,Jiangsu_Wuxi,0.963179574
5/13/2022,16,0.415703435,Jiangsu,Jiangsu_Wuxi,0.959447597
5/14/2022,9,0.332643981,Jiangsu,Jiangsu_Wuxi,0.927605364
5/15/2022,1,0.296649451,Jiangsu,Jiangsu_Wuxi,0.849490758
5/16/2022,1,0.311626993,Jiangsu,Jiangsu_Wuxi,0.656990532
3/20/2022,31,2.275269052,Jiangxi,Jiangxi_Nanchang,NA
3/21/2022,45,1.811499304,Jiangxi,Jiangxi_Nanchang,NA
3/22/2022,57,1.464664104,Jiangxi,Jiangxi_Nanchang,NA
3/23/2022,93,1.187584806,Jiangxi,Jiangxi_Nanchang,NA
3/24/2022,76,0.957570953,Jiangxi,Jiangxi_Nanchang,NA
3/25/2022,20,0.774712933,Jiangxi,Jiangxi_Nanchang,NA
3/26/2022,12,0.647745646,Jiangxi,Jiangxi_Nanchang,NA
3/27/2022,7,0.581573104,Jiangxi,Jiangxi_Nanchang,NA
3/28/2022,6,0.579855593,Jiangxi,Jiangxi_Nanchang,NA
3/29/2022,10,0.647206036,Jiangxi,Jiangxi_Nanchang,NA
3/30/2022,9,0.784085186,Jiangxi,Jiangxi_Nanchang,NA
3/31/2022,17,0.971882008,Jiangxi,Jiangxi_Nanchang,NA
4/1/2022,40,1.159188358,Jiangxi,Jiangxi_Nanchang,NA
4/2/2022,30,1.280917173,Jiangxi,Jiangxi_Nanchang,0.921322619
4/3/2022,35,1.308989349,Jiangxi,Jiangxi_Nanchang,0.79405958
4/4/2022,33,1.259343041,Jiangxi,Jiangxi_Nanchang,0.590318419
4/5/2022,30,1.163314611,Jiangxi,Jiangxi_Nanchang,0.392173897
4/6/2022,33,1.046711538,Jiangxi,Jiangxi_Nanchang,0.359830856
4/7/2022,34,0.927528638,Jiangxi,Jiangxi_Nanchang,0.523299571
4/8/2022,31,0.822333668,Jiangxi,Jiangxi_Nanchang,0.456737422
4/9/2022,28,0.750029564,Jiangxi,Jiangxi_Nanchang,0.255503853
4/10/2022,20,0.725204801,Jiangxi,Jiangxi_Nanchang,0.022071432
4/11/2022,19,0.758845346,Jiangxi,Jiangxi_Nanchang,-0.266914608
4/12/2022,17,0.858172647,Jiangxi,Jiangxi_Nanchang,-0.552747233
4/13/2022,20,1.018463417,Jiangxi,Jiangxi_Nanchang,-0.705499514
4/14/2022,18,1.209049111,Jiangxi,Jiangxi_Nanchang,-0.705222575
4/15/2022,7,1.370493731,Jiangxi,Jiangxi_Nanchang,-0.585628344
4/16/2022,3,1.442490952,Jiangxi,Jiangxi_Nanchang,-0.464104621
4/17/2022,44,1.4105587,Jiangxi,Jiangxi_Nanchang,-0.379733621
4/18/2022,50,1.304449043,Jiangxi,Jiangxi_Nanchang,-0.329606845
4/19/2022,53,1.160933631,Jiangxi,Jiangxi_Nanchang,-0.332966011
4/20/2022,40,1.00403092,Jiangxi,Jiangxi_Nanchang,-0.413020172
4/21/2022,61,0.846096797,Jiangxi,Jiangxi_Nanchang,-0.443291865
4/22/2022,34,0.695647463,Jiangxi,Jiangxi_Nanchang,-0.231768262
4/23/2022,29,0.563076767,Jiangxi,Jiangxi_Nanchang,0.127218994
4/24/2022,11,0.45634155,Jiangxi,Jiangxi_Nanchang,0.458681708
4/25/2022,3,0.377287743,Jiangxi,Jiangxi_Nanchang,0.686457647
4/26/2022,2,0.324325262,Jiangxi,Jiangxi_Nanchang,0.842374658
4/27/2022,2,0.29494704,Jiangxi,Jiangxi_Nanchang,0.873133501
4/28/2022,1,0.287264025,Jiangxi,Jiangxi_Nanchang,0.756421562
4/29/2022,0,0.30066883,Jiangxi,Jiangxi_Nanchang,0.329243436
4/30/2022,5,0.335839375,Jiangxi,Jiangxi_Nanchang,-0.013202691
5/1/2022,2,0.394943931,Jiangxi,Jiangxi_Nanchang,-0.146445652
5/2/2022,4,0.481579181,Jiangxi,Jiangxi_Nanchang,-0.154963557
5/3/2022,2,0.599016782,Jiangxi,Jiangxi_Nanchang,-0.024441804
5/4/2022,0,0.747063537,Jiangxi,Jiangxi_Nanchang,0.300943231
5/5/2022,1,0.917938268,Jiangxi,Jiangxi_Nanchang,0.661524949
3/28/2022,0,2.424043756,Jiangxi,Jiangxi_Shangrao,NA
3/29/2022,0,2.144180362,Jiangxi,Jiangxi_Shangrao,NA
3/30/2022,0,1.949376199,Jiangxi,Jiangxi_Shangrao,NA
3/31/2022,2,1.793596448,Jiangxi,Jiangxi_Shangrao,NA
4/1/2022,1,1.651449736,Jiangxi,Jiangxi_Shangrao,NA
4/2/2022,3,1.511892034,Jiangxi,Jiangxi_Shangrao,NA
4/3/2022,4,1.374851435,Jiangxi,Jiangxi_Shangrao,NA
4/4/2022,6,1.244349726,Jiangxi,Jiangxi_Shangrao,NA
4/5/2022,5,1.123859964,Jiangxi,Jiangxi_Shangrao,NA
4/6/2022,1,1.015609094,Jiangxi,Jiangxi_Shangrao,NA
4/7/2022,2,0.921473703,Jiangxi,Jiangxi_Shangrao,NA
4/8/2022,0,0.844233877,Jiangxi,Jiangxi_Shangrao,NA
4/9/2022,0,0.788148625,Jiangxi,Jiangxi_Shangrao,NA
4/10/2022,0,0.757308529,Jiangxi,Jiangxi_Shangrao,0.878336772
4/11/2022,0,0.756086509,Jiangxi,Jiangxi_Shangrao,0.908445659
4/12/2022,0,0.791339453,Jiangxi,Jiangxi_Shangrao,0.875550582
4/13/2022,1,0.875477138,Jiangxi,Jiangxi_Shangrao,0.814634577
4/14/2022,0,1.031367753,Jiangxi,Jiangxi_Shangrao,0.792931392
4/15/2022,1,1.300227414,Jiangxi,Jiangxi_Shangrao,0.720148008
4/16/2022,0,1.751924051,Jiangxi,Jiangxi_Shangrao,0.565128378
4/17/2022,0,2.462241139,Jiangxi,Jiangxi_Shangrao,0.110458348
4/18/2022,0,3.409207954,Jiangxi,Jiangxi_Shangrao,-0.014911122
4/19/2022,0,4.349622221,Jiangxi,Jiangxi_Shangrao,0.255564479
4/20/2022,4,4.910764588,Jiangxi,Jiangxi_Shangrao,0.536125748
4/21/2022,2,4.896788636,Jiangxi,Jiangxi_Shangrao,0.673696117
4/22/2022,8,4.399633114,Jiangxi,Jiangxi_Shangrao,0.694852327
4/23/2022,8,3.655203475,Jiangxi,Jiangxi_Shangrao,0.653465751
4/24/2022,115,2.914317618,Jiangxi,Jiangxi_Shangrao,0.548093755
4/25/2022,131,2.305756286,Jiangxi,Jiangxi_Shangrao,0.414167099
4/26/2022,95,1.839330509,Jiangxi,Jiangxi_Shangrao,0.349312386
4/27/2022,83,1.477560653,Jiangxi,Jiangxi_Shangrao,0.311626765
4/28/2022,78,1.179448092,Jiangxi,Jiangxi_Shangrao,0.318989765
4/29/2022,70,0.920687981,Jiangxi,Jiangxi_Shangrao,0.381530088
4/30/2022,57,0.70128235,Jiangxi,Jiangxi_Shangrao,0.37651955
5/1/2022,34,0.529505368,Jiangxi,Jiangxi_Shangrao,0.360531786
5/2/2022,30,0.406491482,Jiangxi,Jiangxi_Shangrao,0.512683864
5/3/2022,44,0.327006317,Jiangxi,Jiangxi_Shangrao,0.668012482
5/4/2022,41,0.283736344,Jiangxi,Jiangxi_Shangrao,0.756214014
5/5/2022,16,0.270410757,Jiangxi,Jiangxi_Shangrao,0.778091616
5/6/2022,9,0.282714817,Jiangxi,Jiangxi_Shangrao,0.747297681
5/7/2022,5,0.317442349,Jiangxi,Jiangxi_Shangrao,0.682434412
5/8/2022,5,0.372395126,Jiangxi,Jiangxi_Shangrao,0.610058046
5/9/2022,3,0.445807543,Jiangxi,Jiangxi_Shangrao,0.535759426
5/10/2022,3,0.535144124,Jiangxi,Jiangxi_Shangrao,0.438311667
3/11/2022,160,2.857492902,Jilin,Jilin_Changchun,NA
3/12/2022,873,2.580038416,Jilin,Jilin_Changchun,NA
3/13/2022,433,2.370507002,Jilin,Jilin_Changchun,NA
3/14/2022,463,2.194299273,Jilin,Jilin_Changchun,NA
3/15/2022,1047,2.034354355,Jilin,Jilin_Changchun,NA
3/16/2022,273,1.883223457,Jilin,Jilin_Changchun,NA
3/17/2022,595,1.738332056,Jilin,Jilin_Changchun,NA
3/18/2022,743,1.601056409,Jilin,Jilin_Changchun,NA
3/19/2022,836,1.474476624,Jilin,Jilin_Changchun,NA
3/20/2022,1080,1.361418756,Jilin,Jilin_Changchun,NA
3/21/2022,1437,1.264168146,Jilin,Jilin_Changchun,NA
3/22/2022,1979,1.185036808,Jilin,Jilin_Changchun,NA
3/23/2022,1533,1.127158652,Jilin,Jilin_Changchun,NA
3/24/2022,866,1.0951973,Jilin,Jilin_Changchun,0.952284013
3/25/2022,957,1.09336146,Jilin,Jilin_Changchun,0.941660637
3/26/2022,1128,1.122305965,Jilin,Jilin_Changchun,0.936324769
3/27/2022,1036,1.177924735,Jilin,Jilin_Changchun,0.938851663
3/28/2022,932,1.24989113,Jilin,Jilin_Changchun,0.936223388
3/29/2022,1223,1.321448983,Jilin,Jilin_Changchun,0.88416725
3/30/2022,1419,1.372369342,Jilin,Jilin_Changchun,0.721405425
3/31/2022,1522,1.384759265,Jilin,Jilin_Changchun,0.320708364
4/1/2022,2438,1.350302878,Jilin,Jilin_Changchun,-0.181812237
4/2/2022,3823,1.275796641,Jilin,Jilin_Changchun,-0.464104521
4/3/2022,2920,1.175527198,Jilin,Jilin_Changchun,-0.55428586
4/4/2022,1940,1.062838009,Jilin,Jilin_Changchun,-0.603777887
4/5/2022,2499,0.94726008,Jilin,Jilin_Changchun,-0.692171058
4/6/2022,2189,0.835493501,Jilin,Jilin_Changchun,-0.752608352
4/7/2022,2027,0.733570772,Jilin,Jilin_Changchun,-0.833452827
4/8/2022,798,0.647984595,Jilin,Jilin_Changchun,-0.889023953
4/9/2022,878,0.582674316,Jilin,Jilin_Changchun,-0.918074771
4/10/2022,845,0.538701711,Jilin,Jilin_Changchun,-0.940542914
4/11/2022,651,0.515533965,Jilin,Jilin_Changchun,-0.951574117
4/12/2022,974,0.511638267,Jilin,Jilin_Changchun,-0.957245408
4/13/2022,906,0.52437621,Jilin,Jilin_Changchun,-0.970875848
4/14/2022,436,0.549420584,Jilin,Jilin_Changchun,-0.977749494
4/15/2022,564,0.580107206,Jilin,Jilin_Changchun,-0.977654491
4/16/2022,616,0.60867194,Jilin,Jilin_Changchun,-0.963818534
4/17/2022,492,0.628850724,Jilin,Jilin_Changchun,-0.93359874
4/18/2022,439,0.636895908,Jilin,Jilin_Changchun,-0.859781839
4/19/2022,368,0.631797824,Jilin,Jilin_Changchun,-0.716775709
4/20/2022,321,0.614876057,Jilin,Jilin_Changchun,-0.265350043
4/21/2022,264,0.58912179,Jilin,Jilin_Changchun,0.384391728
4/22/2022,317,0.558670055,Jilin,Jilin_Changchun,0.40750363
4/23/2022,172,0.52809595,Jilin,Jilin_Changchun,0.167074259
4/24/2022,163,0.500802369,Jilin,Jilin_Changchun,-0.136784976
4/25/2022,123,0.478860897,Jilin,Jilin_Changchun,-0.40771394
4/26/2022,112,0.463397102,Jilin,Jilin_Changchun,-0.670928758
4/27/2022,141,0.454926892,Jilin,Jilin_Changchun,-0.821864459
4/28/2022,73,0.453566265,Jilin,Jilin_Changchun,-0.917323577
4/29/2022,48,0.459119687,Jilin,Jilin_Changchun,-0.949768545
4/30/2022,39,0.471099215,Jilin,Jilin_Changchun,-0.887737216
5/1/2022,43,0.489008347,Jilin,Jilin_Changchun,-0.747009163
5/2/2022,20,0.512559336,Jilin,Jilin_Changchun,-0.50098179
5/3/2022,39,0.541673354,Jilin,Jilin_Changchun,-0.118441314
5/4/2022,21,0.576479008,Jilin,Jilin_Changchun,0.367796158
5/5/2022,11,0.617324489,Jilin,Jilin_Changchun,0.766222603
5/6/2022,23,0.66480558,Jilin,Jilin_Changchun,0.937628545
5/7/2022,21,0.719808588,Jilin,Jilin_Changchun,0.984612063
5/8/2022,3,0.783477289,Jilin,Jilin_Changchun,0.994418303
5/9/2022,6,0.856646608,Jilin,Jilin_Changchun,0.994416091
5/10/2022,3,0.939184716,Jilin,Jilin_Changchun,0.98869667
5/11/2022,1,1.029482062,Jilin,Jilin_Changchun,0.980187261
5/12/2022,0,1.124199043,Jilin,Jilin_Changchun,0.968869914
5/13/2022,0,1.218501047,Jilin,Jilin_Changchun,0.958832535
5/14/2022,1,1.306810699,Jilin,Jilin_Changchun,0.950068854
3/10/2022,216,3.142202557,Jilin,Jilin_Jilin,NA
3/11/2022,233,2.702907635,Jilin,Jilin_Jilin,NA
3/12/2022,1268,2.337794661,Jilin,Jilin_Jilin,NA
3/13/2022,573,2.030276063,Jilin,Jilin_Jilin,NA
3/14/2022,3580,1.769378933,Jilin,Jilin_Jilin,NA
3/15/2022,769,1.546930393,Jilin,Jilin_Jilin,NA
3/16/2022,855,1.357778599,Jilin,Jilin_Jilin,NA
3/17/2022,1984,1.200604703,Jilin,Jilin_Jilin,NA
3/18/2022,1432,1.075714538,Jilin,Jilin_Jilin,NA
3/19/2022,614,0.982257823,Jilin,Jilin_Jilin,NA
3/20/2022,997,0.917887479,Jilin,Jilin_Jilin,NA
3/21/2022,996,0.879360677,Jilin,Jilin_Jilin,NA
3/22/2022,853,0.862519893,Jilin,Jilin_Jilin,NA
3/23/2022,1047,0.86197283,Jilin,Jilin_Jilin,0.870639339
3/24/2022,1136,0.870828628,Jilin,Jilin_Jilin,0.843551114
3/25/2022,1527,0.880814555,Jilin,Jilin_Jilin,0.765961487
3/26/2022,943,0.88406989,Jilin,Jilin_Jilin,0.567130046
3/27/2022,938,0.875560485,Jilin,Jilin_Jilin,0.304248153
3/28/2022,926,0.853801015,Jilin,Jilin_Jilin,-0.04468086
3/29/2022,948,0.819972973,Jilin,Jilin_Jilin,-0.216704163
3/30/2022,741,0.776730549,Jilin,Jilin_Jilin,-0.321926444
3/31/2022,702,0.727310197,Jilin,Jilin_Jilin,-0.513806
4/1/2022,527,0.675112191,Jilin,Jilin_Jilin,-0.683144477
4/2/2022,627,0.623652028,Jilin,Jilin_Jilin,-0.778291554
4/3/2022,637,0.576074849,Jilin,Jilin_Jilin,-0.779641217
4/4/2022,514,0.534291366,Jilin,Jilin_Jilin,-0.621011477
4/5/2022,248,0.499158548,Jilin,Jilin_Jilin,-0.421610466
4/6/2022,234,0.470863426,Jilin,Jilin_Jilin,-0.264048851
4/7/2022,228,0.449198909,Jilin,Jilin_Jilin,-0.07921299
4/8/2022,143,0.43371306,Jilin,Jilin_Jilin,0.105461825
4/9/2022,115,0.423763441,Jilin,Jilin_Jilin,0.355450495
4/10/2022,112,0.418504266,Jilin,Jilin_Jilin,0.602180013
4/11/2022,107,0.416958332,Jilin,Jilin_Jilin,0.597872348
4/12/2022,98,0.418313508,Jilin,Jilin_Jilin,0.488308089
4/13/2022,85,0.421969646,Jilin,Jilin_Jilin,0.347923112
4/14/2022,70,0.427515881,Jilin,Jilin_Jilin,0.087799593
4/15/2022,53,0.43470895,Jilin,Jilin_Jilin,-0.141202991
4/16/2022,41,0.443461873,Jilin,Jilin_Jilin,-0.304261517
4/17/2022,35,0.453843262,Jilin,Jilin_Jilin,-0.448473454
4/18/2022,19,0.466086814,Jilin,Jilin_Jilin,-0.269746433
4/19/2022,18,0.480584671,Jilin,Jilin_Jilin,0.230682691
4/20/2022,18,0.497792843,Jilin,Jilin_Jilin,0.605410646
4/21/2022,17,0.518188187,Jilin,Jilin_Jilin,0.791527402
4/22/2022,16,0.542259998,Jilin,Jilin_Jilin,0.864701629
4/23/2022,15,0.570506145,Jilin,Jilin_Jilin,0.880082984
4/24/2022,8,0.603425812,Jilin,Jilin_Jilin,0.854824478
4/25/2022,9,0.64150867,Jilin,Jilin_Jilin,0.833991316
4/26/2022,6,0.685223718,Jilin,Jilin_Jilin,0.771733011
4/27/2022,8,0.735018433,Jilin,Jilin_Jilin,0.707338658
4/28/2022,5,0.791356449,Jilin,Jilin_Jilin,0.617165099
4/29/2022,6,0.854647436,Jilin,Jilin_Jilin,0.550414663
4/30/2022,3,0.92510271,Jilin,Jilin_Jilin,0.540068821
5/1/2022,3,1.002629777,Jilin,Jilin_Jilin,0.645449351
5/2/2022,1,1.086763245,Jilin,Jilin_Jilin,0.754788712
5/3/2022,2,1.176678151,Jilin,Jilin_Jilin,0.771191461
5/4/2022,3,1.27131462,Jilin,Jilin_Jilin,0.792603971
5/5/2022,3,1.369597235,Jilin,Jilin_Jilin,0.838946547
5/6/2022,2,1.470728711,Jilin,Jilin_Jilin,0.878806866
5/7/2022,3,1.573732456,Jilin,Jilin_Jilin,0.914818327
5/8/2022,0,1.676326695,Jilin,Jilin_Jilin,0.942528728
5/9/2022,0,1.774646913,Jilin,Jilin_Jilin,0.96431292
5/10/2022,1,1.863635613,Jilin,Jilin_Jilin,0.977900604
5/11/2022,1,1.937954406,Jilin,Jilin_Jilin,0.985617839
3/12/2022,2,3.407162867,Jilin,Jilin_Siping,NA
3/13/2022,10,2.985687595,Jilin,Jilin_Siping,NA
3/14/2022,10,2.585761969,Jilin,Jilin_Siping,NA
3/15/2022,27,2.217036252,Jilin,Jilin_Siping,NA
3/16/2022,15,1.893399952,Jilin,Jilin_Siping,NA
3/17/2022,37,1.616698097,Jilin,Jilin_Siping,NA
3/18/2022,18,1.380785952,Jilin,Jilin_Siping,NA
3/19/2022,32,1.179038516,Jilin,Jilin_Siping,NA
3/20/2022,9,1.009374794,Jilin,Jilin_Siping,NA
3/21/2022,24,0.874011019,Jilin,Jilin_Siping,NA
3/22/2022,9,0.77363708,Jilin,Jilin_Siping,NA
3/23/2022,9,0.706038291,Jilin,Jilin_Siping,NA
3/24/2022,6,0.666777121,Jilin,Jilin_Siping,NA
3/25/2022,8,0.649642427,Jilin,Jilin_Siping,0.984597666
3/26/2022,4,0.646840602,Jilin,Jilin_Siping,0.979206195
3/27/2022,16,0.650112188,Jilin,Jilin_Siping,0.974511474
3/28/2022,9,0.653352265,Jilin,Jilin_Siping,0.970901874
3/29/2022,9,0.652925497,Jilin,Jilin_Siping,0.965358743
3/30/2022,7,0.647266195,Jilin,Jilin_Siping,0.960563205
3/31/2022,6,0.63649605,Jilin,Jilin_Siping,0.960251741
4/1/2022,7,0.622187492,Jilin,Jilin_Siping,0.844917821
4/2/2022,2,0.607035417,Jilin,Jilin_Siping,0.675761627
4/3/2022,5,0.593610971,Jilin,Jilin_Siping,0.639524328
4/4/2022,1,0.584041063,Jilin,Jilin_Siping,0.723150185
4/5/2022,7,0.580131081,Jilin,Jilin_Siping,0.882585124
4/6/2022,2,0.583551251,Jilin,Jilin_Siping,0.944004234
4/7/2022,2,0.596010585,Jilin,Jilin_Siping,0.928479935
4/8/2022,1,0.619231151,Jilin,Jilin_Siping,0.922124212
4/9/2022,0,0.654775217,Jilin,Jilin_Siping,0.925808057
4/10/2022,2,0.703938492,Jilin,Jilin_Siping,0.952204592
4/11/2022,0,0.767417969,Jilin,Jilin_Siping,0.970720852
4/12/2022,0,0.844734306,Jilin,Jilin_Siping,0.970830644
4/13/2022,0,0.933744583,Jilin,Jilin_Siping,0.963818709
4/14/2022,0,1.030573143,Jilin,Jilin_Siping,0.949304568
4/15/2022,3,1.130271282,Jilin,Jilin_Siping,0.939560522
4/16/2022,1,1.227093653,Jilin,Jilin_Siping,0.933914128
4/17/2022,2,1.314627973,Jilin,Jilin_Siping,0.907176443
4/18/2022,2,1.38664943,Jilin,Jilin_Siping,0.883261867
3/13/2022,1,2.488361814,Liaoning,Liaoning_Shenyang,NA
3/14/2022,6,2.262247335,Liaoning,Liaoning_Shenyang,NA
3/15/2022,13,2.118313963,Liaoning,Liaoning_Shenyang,NA
3/16/2022,17,2.012327619,Liaoning,Liaoning_Shenyang,NA
3/17/2022,17,1.920248466,Liaoning,Liaoning_Shenyang,NA
3/18/2022,43,1.83010432,Liaoning,Liaoning_Shenyang,NA
3/19/2022,49,1.737036426,Liaoning,Liaoning_Shenyang,NA
3/20/2022,31,1.640827208,Liaoning,Liaoning_Shenyang,NA
3/21/2022,47,1.543236527,Liaoning,Liaoning_Shenyang,NA
3/22/2022,60,1.446422134,Liaoning,Liaoning_Shenyang,NA
3/23/2022,32,1.352266787,Liaoning,Liaoning_Shenyang,NA
3/24/2022,98,1.262319219,Liaoning,Liaoning_Shenyang,NA
3/25/2022,60,1.177916909,Liaoning,Liaoning_Shenyang,NA
3/26/2022,57,1.100149229,Liaoning,Liaoning_Shenyang,0.992697186
3/27/2022,70,1.029528472,Liaoning,Liaoning_Shenyang,0.987188582
3/28/2022,41,0.96613635,Liaoning,Liaoning_Shenyang,0.980532782
3/29/2022,35,0.909811123,Liaoning,Liaoning_Shenyang,0.975463184
3/30/2022,33,0.860258705,Liaoning,Liaoning_Shenyang,0.97286172
3/31/2022,50,0.817069493,Liaoning,Liaoning_Shenyang,0.974952499
4/1/2022,47,0.779780834,Liaoning,Liaoning_Shenyang,0.978961724
4/2/2022,35,0.747913065,Liaoning,Liaoning_Shenyang,0.985138062
4/3/2022,30,0.720981962,Liaoning,Liaoning_Shenyang,0.99021887
4/4/2022,46,0.698497838,Liaoning,Liaoning_Shenyang,0.990256642
4/5/2022,30,0.67995859,Liaoning,Liaoning_Shenyang,0.985378777
4/6/2022,16,0.664895415,Liaoning,Liaoning_Shenyang,0.975970162
4/7/2022,20,0.652960929,Liaoning,Liaoning_Shenyang,0.947772032
4/8/2022,13,0.643921406,Liaoning,Liaoning_Shenyang,0.882628062
4/9/2022,10,0.637635635,Liaoning,Liaoning_Shenyang,0.734576845
4/10/2022,10,0.634026975,Liaoning,Liaoning_Shenyang,0.446300251
4/11/2022,15,0.633052226,Liaoning,Liaoning_Shenyang,-0.015348348
4/12/2022,20,0.63468394,Liaoning,Liaoning_Shenyang,-0.441470937
4/13/2022,17,0.638895672,Liaoning,Liaoning_Shenyang,-0.68758996
4/14/2022,5,0.645649347,Liaoning,Liaoning_Shenyang,-0.746460625
4/15/2022,14,0.654885861,Liaoning,Liaoning_Shenyang,-0.693454693
4/16/2022,2,0.666520879,Liaoning,Liaoning_Shenyang,-0.458591918
4/17/2022,6,0.680469331,Liaoning,Liaoning_Shenyang,-0.010220966
4/18/2022,10,0.69668635,Liaoning,Liaoning_Shenyang,0.539193062
4/19/2022,3,0.715179003,Liaoning,Liaoning_Shenyang,0.851028146
4/20/2022,2,0.736009162,Liaoning,Liaoning_Shenyang,0.961366738
4/21/2022,2,0.759221756,Liaoning,Liaoning_Shenyang,0.990437755
4/22/2022,1,0.784725988,Liaoning,Liaoning_Shenyang,0.996526587
4/23/2022,5,0.812233995,Liaoning,Liaoning_Shenyang,0.996624155
4/24/2022,0,0.841223109,Liaoning,Liaoning_Shenyang,0.995926326
4/25/2022,3,0.870930896,Liaoning,Liaoning_Shenyang,0.995474056
2/22/2022,39,1.540403428,Inner Mongolia,Inner Mongolia_Hohhot,NA
2/23/2022,37,1.207178813,Inner Mongolia,Inner Mongolia_Hohhot,NA
2/24/2022,28,0.965271148,Inner Mongolia,Inner Mongolia_Hohhot,NA
2/25/2022,30,0.785698026,Inner Mongolia,Inner Mongolia_Hohhot,NA
2/26/2022,35,0.652749013,Inner Mongolia,Inner Mongolia_Hohhot,NA
2/27/2022,11,0.556350859,Inner Mongolia,Inner Mongolia_Hohhot,NA
2/28/2022,13,0.488975522,Inner Mongolia,Inner Mongolia_Hohhot,NA
3/1/2022,16,0.444397911,Inner Mongolia,Inner Mongolia_Hohhot,NA
3/2/2022,6,0.417103949,Inner Mongolia,Inner Mongolia_Hohhot,NA
3/3/2022,9,0.40236066,Inner Mongolia,Inner Mongolia_Hohhot,NA
3/4/2022,5,0.397133726,Inner Mongolia,Inner Mongolia_Hohhot,NA
3/5/2022,7,0.399936885,Inner Mongolia,Inner Mongolia_Hohhot,NA
3/6/2022,3,0.410510637,Inner Mongolia,Inner Mongolia_Hohhot,NA
3/7/2022,2,0.429727412,Inner Mongolia,Inner Mongolia_Hohhot,0.98662268
3/8/2022,2,0.459583404,Inner Mongolia,Inner Mongolia_Hohhot,0.993609051
3/9/2022,3,0.502745192,Inner Mongolia,Inner Mongolia_Hohhot,0.996102578
3/10/2022,1,0.561248137,Inner Mongolia,Inner Mongolia_Hohhot,0.981387617
3/11/2022,1,0.635927281,Inner Mongolia,Inner Mongolia_Hohhot,0.846399009
3/12/2022,0,0.724816755,Inner Mongolia,Inner Mongolia_Hohhot,0.669354491
3/13/2022,0,0.821656712,Inner Mongolia,Inner Mongolia_Hohhot,0.719722962
3/14/2022,0,0.915809592,Inner Mongolia,Inner Mongolia_Hohhot,0.817933489
3/15/2022,0,0.995641113,Inner Mongolia,Inner Mongolia_Hohhot,0.869956446
3/16/2022,0,1.053179199,Inner Mongolia,Inner Mongolia_Hohhot,0.907727444
3/17/2022,5,1.085812481,Inner Mongolia,Inner Mongolia_Hohhot,0.938032174
3/18/2022,5,1.095209077,Inner Mongolia,Inner Mongolia_Hohhot,0.943506393
3/19/2022,7,1.085435928,Inner Mongolia,Inner Mongolia_Hohhot,0.942875991
3/20/2022,7,1.061854917,Inner Mongolia,Inner Mongolia_Hohhot,0.932169523
3/21/2022,4,1.030857519,Inner Mongolia,Inner Mongolia_Hohhot,0.915097861
3/22/2022,0,0.998264758,Inner Mongolia,Inner Mongolia_Hohhot,0.864953414
3/23/2022,1,0.968698634,Inner Mongolia,Inner Mongolia_Hohhot,0.826279305
3/24/2022,0,0.945778881,Inner Mongolia,Inner Mongolia_Hohhot,0.751627224
3/25/2022,3,0.932672163,Inner Mongolia,Inner Mongolia_Hohhot,0.57957802
3/26/2022,2,0.932593315,Inner Mongolia,Inner Mongolia_Hohhot,0.123826483
3/27/2022,0,0.948271029,Inner Mongolia,Inner Mongolia_Hohhot,-0.396168612
3/28/2022,0,0.981006991,Inner Mongolia,Inner Mongolia_Hohhot,-0.606067483
3/29/2022,0,1.030062354,Inner Mongolia,Inner Mongolia_Hohhot,-0.554925268
3/30/2022,0,1.092006539,Inner Mongolia,Inner Mongolia_Hohhot,-0.269730775
3/31/2022,2,1.160532447,Inner Mongolia,Inner Mongolia_Hohhot,0.044695946
3/29/2022,1,2.39367101,Shandong,Shandong_Jinan,NA
3/30/2022,6,2.157556316,Shandong,Shandong_Jinan,NA
3/31/2022,3,2.011029848,Shandong,Shandong_Jinan,NA
4/1/2022,6,1.910362358,Shandong,Shandong_Jinan,NA
4/2/2022,3,1.83164905,Shandong,Shandong_Jinan,NA
4/3/2022,4,1.762586188,Shandong,Shandong_Jinan,NA
4/4/2022,12,1.697027988,Shandong,Shandong_Jinan,NA
4/5/2022,14,1.6320599,Shandong,Shandong_Jinan,NA
4/6/2022,10,1.566531923,Shandong,Shandong_Jinan,NA
4/7/2022,25,1.500826161,Shandong,Shandong_Jinan,NA
4/8/2022,26,1.436296171,Shandong,Shandong_Jinan,NA
4/9/2022,13,1.374507261,Shandong,Shandong_Jinan,NA
4/10/2022,8,1.316877392,Shandong,Shandong_Jinan,NA
4/11/2022,8,1.264632179,Shandong,Shandong_Jinan,0.857289765
4/12/2022,22,1.218910205,Shandong,Shandong_Jinan,0.760020959
4/13/2022,22,1.180710642,Shandong,Shandong_Jinan,0.611091453
4/14/2022,25,1.150550716,Shandong,Shandong_Jinan,0.40017341
4/15/2022,5,1.128407901,Shandong,Shandong_Jinan,0.052716066
4/16/2022,18,1.113848181,Shandong,Shandong_Jinan,-0.374125506
4/17/2022,6,1.106136938,Shandong,Shandong_Jinan,-0.84377574
4/18/2022,15,1.104322316,Shandong,Shandong_Jinan,-0.94878825
4/19/2022,22,1.106960793,Shandong,Shandong_Jinan,-0.964319514
4/20/2022,15,1.111856439,Shandong,Shandong_Jinan,-0.9473779
4/21/2022,22,1.116337339,Shandong,Shandong_Jinan,-0.925694971
4/22/2022,10,1.117451324,Shandong,Shandong_Jinan,-0.896339493
4/23/2022,9,1.112224304,Shandong,Shandong_Jinan,-0.805403913
4/24/2022,12,1.097989345,Shandong,Shandong_Jinan,-0.427429336
4/25/2022,36,1.073182879,Shandong,Shandong_Jinan,0.046476062
4/26/2022,32,1.038338696,Shandong,Shandong_Jinan,0.463752217
4/27/2022,45,0.995678631,Shandong,Shandong_Jinan,0.834606283
4/28/2022,32,0.948158313,Shandong,Shandong_Jinan,0.9394041
4/29/2022,28,0.898875503,Shandong,Shandong_Jinan,0.958599681
4/30/2022,15,0.850921236,Shandong,Shandong_Jinan,0.962125696
5/1/2022,32,0.807400197,Shandong,Shandong_Jinan,0.968299216
5/2/2022,10,0.770890911,Shandong,Shandong_Jinan,0.976646207
5/3/2022,12,0.742743981,Shandong,Shandong_Jinan,0.983911729
5/4/2022,14,0.723319954,Shandong,Shandong_Jinan,0.988899966
5/5/2022,4,0.712266479,Shandong,Shandong_Jinan,0.987950521
5/6/2022,4,0.708685673,Shandong,Shandong_Jinan,0.978857543
5/7/2022,1,0.7112251,Shandong,Shandong_Jinan,0.954577306
3/1/2022,4,4.957319891,Shandong,Shandong_Qingdao,NA
3/2/2022,0,4.835458442,Shandong,Shandong_Qingdao,NA
3/3/2022,0,4.63201066,Shandong,Shandong_Qingdao,NA
3/4/2022,5,4.294032619,Shandong,Shandong_Qingdao,NA
3/5/2022,88,3.830611432,Shandong,Shandong_Qingdao,NA
3/6/2022,163,3.290452541,Shandong,Shandong_Qingdao,NA
3/7/2022,158,2.734941668,Shandong,Shandong_Qingdao,NA
3/8/2022,148,2.220085635,Shandong,Shandong_Qingdao,NA
3/9/2022,147,1.785413554,Shandong,Shandong_Qingdao,NA
3/10/2022,324,1.433344251,Shandong,Shandong_Qingdao,NA
3/11/2022,451,1.143755531,Shandong,Shandong_Qingdao,NA
3/12/2022,228,0.895080032,Shandong,Shandong_Qingdao,NA
3/13/2022,100,0.676110182,Shandong,Shandong_Qingdao,NA
3/14/2022,64,0.488802688,Shandong,Shandong_Qingdao,0.99846745
3/15/2022,60,0.342339659,Shandong,Shandong_Qingdao,0.998177804
3/16/2022,18,0.238369629,Shandong,Shandong_Qingdao,0.997852503
3/17/2022,25,0.170482949,Shandong,Shandong_Qingdao,0.997661043
3/18/2022,16,0.130044427,Shandong,Shandong_Qingdao,0.998485596
3/19/2022,10,0.109884084,Shandong,Shandong_Qingdao,0.999055684
3/20/2022,9,0.105616642,Shandong,Shandong_Qingdao,0.998109715
3/21/2022,6,0.115672328,Shandong,Shandong_Qingdao,0.996397968
3/22/2022,1,0.140695902,Shandong,Shandong_Qingdao,0.9922786
3/23/2022,8,0.182773126,Shandong,Shandong_Qingdao,0.983549194
3/24/2022,5,0.244711155,Shandong,Shandong_Qingdao,0.965924896
3/25/2022,0,0.327894354,Shandong,Shandong_Qingdao,0.925016782
3/26/2022,3,0.429341818,Shandong,Shandong_Qingdao,0.831536064
3/27/2022,1,0.539513473,Shandong,Shandong_Qingdao,0.671115222
3/28/2022,2,0.64360432,Shandong,Shandong_Qingdao,0.645101128
3/29/2022,5,0.727738881,Shandong,Shandong_Qingdao,0.775235772
3/30/2022,0,0.786682233,Shandong,Shandong_Qingdao,0.898930054
3/31/2022,3,0.825377032,Shandong,Shandong_Qingdao,0.960259754
4/1/2022,3,0.853192345,Shandong,Shandong_Qingdao,0.985404276
4/2/2022,1,0.878701127,Shandong,Shandong_Qingdao,0.993888837
4/3/2022,3,0.907479057,Shandong,Shandong_Qingdao,0.994622982
4/4/2022,3,0.941969179,Shandong,Shandong_Qingdao,0.996340356
4/5/2022,2,0.982003739,Shandong,Shandong_Qingdao,0.996588215
4/6/2022,1,1.025388932,Shandong,Shandong_Qingdao,0.991832089
4/7/2022,1,1.068604079,Shandong,Shandong_Qingdao,0.978964345
4/8/2022,1,1.108219342,Shandong,Shandong_Qingdao,0.962964265
4/9/2022,0,1.142182303,Shandong,Shandong_Qingdao,0.954764386
4/10/2022,1,1.169950388,Shandong,Shandong_Qingdao,0.960035232
4/11/2022,3,1.192065963,Shandong,Shandong_Qingdao,0.961031943
4/12/2022,0,1.209664481,Shandong,Shandong_Qingdao,0.961383061
4/13/2022,0,1.224174629,Shandong,Shandong_Qingdao,0.96870138
4/14/2022,4,1.237260487,Shandong,Shandong_Qingdao,0.972453151
4/15/2022,1,1.250831571,Shandong,Shandong_Qingdao,0.97517043
4/16/2022,2,1.266769296,Shandong,Shandong_Qingdao,0.977185533
4/17/2022,20,1.286586148,Shandong,Shandong_Qingdao,0.98638313
4/18/2022,1,1.311010233,Shandong,Shandong_Qingdao,0.99133608
4/19/2022,0,1.339656708,Shandong,Shandong_Qingdao,0.993617321
4/20/2022,1,1.371070443,Shandong,Shandong_Qingdao,0.993556127
4/21/2022,0,1.403296485,Shandong,Shandong_Qingdao,0.990160208
4/22/2022,0,1.434836639,Shandong,Shandong_Qingdao,0.983891739
4/23/2022,0,1.465551544,Shandong,Shandong_Qingdao,0.978199146
4/24/2022,1,1.496793295,Shandong,Shandong_Qingdao,0.976872283
2/27/2022,1,2.246044393,Shanghai,Shanghai_Shanghai,NA
2/28/2022,3,2.030777448,Shanghai,Shanghai_Shanghai,NA
3/1/2022,2,1.913402312,Shanghai,Shanghai_Shanghai,NA
3/2/2022,8,1.84982993,Shanghai,Shanghai_Shanghai,NA
3/3/2022,16,1.815462442,Shanghai,Shanghai_Shanghai,NA
3/4/2022,19,1.796941788,Shanghai,Shanghai_Shanghai,NA
3/5/2022,28,1.786973194,Shanghai,Shanghai_Shanghai,NA
3/6/2022,48,1.781556219,Shanghai,Shanghai_Shanghai,NA
3/7/2022,55,1.778497139,Shanghai,Shanghai_Shanghai,NA
3/8/2022,65,1.776621457,Shanghai,Shanghai_Shanghai,NA
3/9/2022,80,1.775251162,Shanghai,Shanghai_Shanghai,NA
3/10/2022,75,1.774012519,Shanghai,Shanghai_Shanghai,NA
3/11/2022,83,1.772697117,Shanghai,Shanghai_Shanghai,NA
3/12/2022,65,1.771190926,Shanghai,Shanghai_Shanghai,0.601582821
3/13/2022,169,1.76943312,Shanghai,Shanghai_Shanghai,0.608114795
3/14/2022,139,1.767391767,Shanghai,Shanghai_Shanghai,0.666274277
3/15/2022,202,1.765038677,Shanghai,Shanghai_Shanghai,0.733262571
3/16/2022,158,1.76236136,Shanghai,Shanghai_Shanghai,0.838636578
3/17/2022,260,1.759345028,Shanghai,Shanghai_Shanghai,0.937563135
3/18/2022,374,1.755974579,Shanghai,Shanghai_Shanghai,0.981744509
3/19/2022,509,1.752235907,Shanghai,Shanghai_Shanghai,0.980851062
3/20/2022,758,1.748116568,Shanghai,Shanghai_Shanghai,0.965252591
3/21/2022,896,1.743606054,Shanghai,Shanghai_Shanghai,0.950238413
3/22/2022,981,1.738696831,Shanghai,Shanghai_Shanghai,0.932639989
3/23/2022,983,1.733385131,Shanghai,Shanghai_Shanghai,0.915154717
3/24/2022,1609,1.727670003,Shanghai,Shanghai_Shanghai,0.89499286
3/25/2022,2269,1.721507645,Shanghai,Shanghai_Shanghai,0.872905026
3/26/2022,2678,1.714583652,Shanghai,Shanghai_Shanghai,0.850709837
3/27/2022,3500,1.706339766,Shanghai,Shanghai_Shanghai,0.833038972
3/28/2022,4477,1.696114305,Shanghai,Shanghai_Shanghai,0.808778563
3/29/2022,5982,1.683249376,Shanghai,Shanghai_Shanghai,0.792855884
3/30/2022,5653,1.667155786,Shanghai,Shanghai_Shanghai,0.802251597
3/31/2022,4502,1.647344852,Shanghai,Shanghai_Shanghai,0.837004664
4/1/2022,6311,1.623452124,Shanghai,Shanghai_Shanghai,0.887753614
4/2/2022,8226,1.595309794,Shanghai,Shanghai_Shanghai,0.946164828
4/3/2022,9006,1.562931646,Shanghai,Shanghai_Shanghai,0.981992857
4/4/2022,13354,1.526462121,Shanghai,Shanghai_Shanghai,0.982124924
4/5/2022,17077,1.486286309,Shanghai,Shanghai_Shanghai,0.974563957
4/6/2022,19982,1.443123643,Shanghai,Shanghai_Shanghai,0.962673606
4/7/2022,21222,1.397843261,Shanghai,Shanghai_Shanghai,0.940707999
4/8/2022,23624,1.351315914,Shanghai,Shanghai_Shanghai,0.911927227
4/9/2022,24943,1.304342429,Shanghai,Shanghai_Shanghai,0.869241823
4/10/2022,26087,1.257637186,Shanghai,Shanghai_Shanghai,0.824441871
4/11/2022,23342,1.211840251,Shanghai,Shanghai_Shanghai,0.796442867
4/12/2022,26330,1.167461033,Shanghai,Shanghai_Shanghai,0.748528474
4/13/2022,27719,1.124802871,Shanghai,Shanghai_Shanghai,0.695097167
4/14/2022,23072,1.084015863,Shanghai,Shanghai_Shanghai,0.642138852
4/15/2022,23513,1.045154401,Shanghai,Shanghai_Shanghai,0.57180744
4/16/2022,24820,1.008221269,Shanghai,Shanghai_Shanghai,0.439544782
4/17/2022,22248,0.973192466,Shanghai,Shanghai_Shanghai,0.214260768
4/18/2022,20416,0.940030046,Shanghai,Shanghai_Shanghai,-0.294556221
4/19/2022,18901,0.908689477,Shanghai,Shanghai_Shanghai,-0.515486168
4/20/2022,18495,0.879124032,Shanghai,Shanghai_Shanghai,-0.535178139
4/21/2022,17629,0.851287576,Shanghai,Shanghai_Shanghai,-0.585065057
4/22/2022,23370,0.825135697,Shanghai,Shanghai_Shanghai,-0.632190433
4/23/2022,21058,0.800622072,Shanghai,Shanghai_Shanghai,-0.758720658
4/24/2022,19455,0.777698023,Shanghai,Shanghai_Shanghai,-0.877555271
4/25/2022,16980,0.756314226,Shanghai,Shanghai_Shanghai,-0.83384625
4/26/2022,13562,0.736422393,Shanghai,Shanghai_Shanghai,-0.798924755
4/27/2022,10622,0.717976663,Shanghai,Shanghai_Shanghai,-0.694359932
4/28/2022,15032,0.700934228,Shanghai,Shanghai_Shanghai,-0.502834644
4/29/2022,10181,0.685255665,Shanghai,Shanghai_Shanghai,-0.287619041
4/30/2022,7872,0.670905154,Shanghai,Shanghai_Shanghai,0.020134626
5/1/2022,7333,0.657850653,Shanghai,Shanghai_Shanghai,0.38821305
5/2/2022,5669,0.646064048,Shanghai,Shanghai_Shanghai,0.626200191
5/3/2022,4982,0.635520888,Shanghai,Shanghai_Shanghai,0.798823913
5/4/2022,4651,0.626199841,Shanghai,Shanghai_Shanghai,0.806408331
5/5/2022,4269,0.618082828,Shanghai,Shanghai_Shanghai,0.783462631
5/6/2022,4214,0.611153329,Shanghai,Shanghai_Shanghai,0.742340914
5/7/2022,3975,0.605382081,Shanghai,Shanghai_Shanghai,0.688551337
5/8/2022,3947,0.600720601,Shanghai,Shanghai_Shanghai,0.61406912
5/9/2022,3014,0.597101526,Shanghai,Shanghai_Shanghai,0.603217939
5/10/2022,1487,0.594438742,Shanghai,Shanghai_Shanghai,0.629639751
5/11/2022,1449,0.592626789,Shanghai,Shanghai_Shanghai,0.716345605
5/12/2022,2096,0.591539551,Shanghai,Shanghai_Shanghai,0.817188771
5/13/2022,1681,0.591032881,Shanghai,Shanghai_Shanghai,0.877443389
5/14/2022,1369,0.590976783,Shanghai,Shanghai_Shanghai,0.936294171
5/15/2022,938,0.591269902,Shanghai,Shanghai_Shanghai,0.944102922
5/16/2022,823,0.591836384,Shanghai,Shanghai_Shanghai,0.895736494
5/17/2022,855,0.592621964,Shanghai,Shanghai_Shanghai,0.825972076
5/18/2022,719,0.593590964,Shanghai,Shanghai_Shanghai,0.67876455
5/19/2022,858,0.594722564,Shanghai,Shanghai_Shanghai,0.390543083
5/20/2022,868,0.596007597,Shanghai,Shanghai_Shanghai,0.108231916
5/21/2022,622,0.597446071,Shanghai,Shanghai_Shanghai,-0.219540516
5/22/2022,558,0.599045363,Shanghai,Shanghai_Shanghai,-0.066684456
5/23/2022,480,0.600818908,Shanghai,Shanghai_Shanghai,0.296299014
5/24/2022,387,0.602783239,Shanghai,Shanghai_Shanghai,0.629398136
5/25/2022,338,0.604953429,Shanghai,Shanghai_Shanghai,0.803090412
5/26/2022,264,0.607342302,Shanghai,Shanghai_Shanghai,0.868949235
5/27/2022,170,0.609960127,Shanghai,Shanghai_Shanghai,0.902858896
5/28/2022,122,0.612811002,Shanghai,Shanghai_Shanghai,0.927003658
5/29/2022,67,0.615890793,Shanghai,Shanghai_Shanghai,0.950284648
5/30/2022,31,0.619187376,Shanghai,Shanghai_Shanghai,0.965369167
5/31/2022,15,0.622681097,Shanghai,Shanghai_Shanghai,0.979899314
6/1/2022,13,0.626345182,Shanghai,Shanghai_Shanghai,0.952847635
6/2/2022,16,0.630146048,Shanghai,Shanghai_Shanghai,0.897569725
6/3/2022,14,0.634044452,Shanghai,Shanghai_Shanghai,0.891496323
6/4/2022,22,0.638004145,Shanghai,Shanghai_Shanghai,0.899467697
6/5/2022,8,0.641996577,Shanghai,Shanghai_Shanghai,0.905424308
6/6/2022,10,0.646000359,Shanghai,Shanghai_Shanghai,0.912375759
6/7/2022,15,0.649999867,Shanghai,Shanghai_Shanghai,0.926092694
6/8/2022,9,0.653983548,Shanghai,Shanghai_Shanghai,0.945263222
6/9/2022,11,0.657942742,Shanghai,Shanghai_Shanghai,0.963524514
6/10/2022,16,0.661870809,Shanghai,Shanghai_Shanghai,0.977704645
6/11/2022,29,0.665762501,Shanghai,Shanghai_Shanghai,0.987264207
6/12/2022,37,0.669613519,Shanghai,Shanghai_Shanghai,0.990279151
6/13/2022,17,0.67342022,Shanghai,Shanghai_Shanghai,0.987592614
6/14/2022,15,0.677179728,Shanghai,Shanghai_Shanghai,0.979955331
6/15/2022,16,0.680890495,Shanghai,Shanghai_Shanghai,0.970836094
6/16/2022,4,0.684552256,Shanghai,Shanghai_Shanghai,0.96183842
6/17/2022,7,0.68816573,Shanghai,Shanghai_Shanghai,0.95669517
6/18/2022,9,0.691730872,Shanghai,Shanghai_Shanghai,0.962451241
6/19/2022,13,0.695245809,Shanghai,Shanghai_Shanghai,0.97853101
6/20/2022,9,0.698706992,Shanghai,Shanghai_Shanghai,0.992050294
6/21/2022,8,0.702109559,Shanghai,Shanghai_Shanghai,0.99232936
6/22/2022,9,0.705447731,Shanghai,Shanghai_Shanghai,0.983693936
6/23/2022,3,0.7087152,Shanghai,Shanghai_Shanghai,0.974855463
6/24/2022,0,0.711905691,Shanghai,Shanghai_Shanghai,0.969780243
6/25/2022,0,0.715015515,Shanghai,Shanghai_Shanghai,0.968619296
6/26/2022,4,0.718045058,Shanghai,Shanghai_Shanghai,0.966849439
6/27/2022,0,0.720998579,Shanghai,Shanghai_Shanghai,0.953597773
6/28/2022,0,0.723884416,Shanghai,Shanghai_Shanghai,0.950815145
6/29/2022,0,0.726716119,Shanghai,Shanghai_Shanghai,0.956058455
6/30/2022,0,0.729512314,Shanghai,Shanghai_Shanghai,0.957926944
3/3/2022,1,2.006373531,Tianjin,Tianjin_Tianjin,NA
3/4/2022,3,2.352553815,Tianjin,Tianjin_Tianjin,NA
3/5/2022,0,3.116746349,Tianjin,Tianjin_Tianjin,NA
3/6/2022,0,3.917496767,Tianjin,Tianjin_Tianjin,NA
3/7/2022,3,4.222492045,Tianjin,Tianjin_Tianjin,NA
3/8/2022,12,3.910651317,Tianjin,Tianjin_Tianjin,NA
3/9/2022,21,3.323264674,Tianjin,Tianjin_Tianjin,NA
3/10/2022,18,2.744183188,Tianjin,Tianjin_Tianjin,NA
3/11/2022,41,2.268319989,Tianjin,Tianjin_Tianjin,NA
3/12/2022,26,1.894755194,Tianjin,Tianjin_Tianjin,NA
3/13/2022,52,1.597318934,Tianjin,Tianjin_Tianjin,NA
3/14/2022,55,1.357762203,Tianjin,Tianjin_Tianjin,NA
3/15/2022,68,1.17780728,Tianjin,Tianjin_Tianjin,NA
3/16/2022,55,1.062821934,Tianjin,Tianjin_Tianjin,0.807583027
3/17/2022,63,1.013673838,Tianjin,Tianjin_Tianjin,0.889901227
3/18/2022,28,1.022926216,Tianjin,Tianjin_Tianjin,0.928385734
3/19/2022,21,1.070678585,Tianjin,Tianjin_Tianjin,0.920019507
3/20/2022,25,1.12365833,Tianjin,Tianjin_Tianjin,0.901085524
3/21/2022,36,1.144223636,Tianjin,Tianjin_Tianjin,0.887061832
3/22/2022,47,1.109753522,Tianjin,Tianjin_Tianjin,0.887523945
3/23/2022,77,1.026887455,Tianjin,Tianjin_Tianjin,0.887420336
3/24/2022,67,0.914039293,Tianjin,Tianjin_Tianjin,0.885419818
3/25/2022,67,0.785836965,Tianjin,Tianjin_Tianjin,0.866960779
3/26/2022,46,0.651356883,Tianjin,Tianjin_Tianjin,0.797671429
3/27/2022,16,0.518760528,Tianjin,Tianjin_Tianjin,0.658919874
3/28/2022,17,0.399289557,Tianjin,Tianjin_Tianjin,0.55426855
3/29/2022,8,0.305225943,Tianjin,Tianjin_Tianjin,0.540655222
3/30/2022,6,0.240597763,Tianjin,Tianjin_Tianjin,0.58734378
3/31/2022,4,0.203641562,Tianjin,Tianjin_Tianjin,0.686700861
4/1/2022,1,0.191773591,Tianjin,Tianjin_Tianjin,0.775281738
4/2/2022,4,0.204253812,Tianjin,Tianjin_Tianjin,0.817863815
4/3/2022,2,0.242475672,Tianjin,Tianjin_Tianjin,0.643678991
4/4/2022,6,0.307741389,Tianjin,Tianjin_Tianjin,0.341827676
4/5/2022,8,0.397333382,Tianjin,Tianjin_Tianjin,0.091939449
4/6/2022,4,0.503736524,Tianjin,Tianjin_Tianjin,0.065548004
4/7/2022,0,0.615665631,Tianjin,Tianjin_Tianjin,0.266738803
4/8/2022,1,0.721519107,Tianjin,Tianjin_Tianjin,0.615212877
4/9/2022,1,0.812719338,Tianjin,Tianjin_Tianjin,0.844084211
4/10/2022,0,0.885247531,Tianjin,Tianjin_Tianjin,0.929217979
4/11/2022,1,0.941900648,Tianjin,Tianjin_Tianjin,0.967486013
4/12/2022,2,0.995481806,Tianjin,Tianjin_Tianjin,0.984379759
4/13/2022,0,1.064474043,Tianjin,Tianjin_Tianjin,0.989447916
4/14/2022,2,1.166964471,Tianjin,Tianjin_Tianjin,0.992753138
3/12/2022,12,1.567099169,Zhejiang,Zhejiang_Hangzhou,NA
3/13/2022,6,1.25144574,Zhejiang,Zhejiang_Hangzhou,NA
3/14/2022,4,1.035979316,Zhejiang,Zhejiang_Hangzhou,NA
3/15/2022,2,0.881195712,Zhejiang,Zhejiang_Hangzhou,NA
3/16/2022,2,0.765988158,Zhejiang,Zhejiang_Hangzhou,NA
3/17/2022,0,0.679351225,Zhejiang,Zhejiang_Hangzhou,NA
3/18/2022,0,0.615615283,Zhejiang,Zhejiang_Hangzhou,NA
3/19/2022,2,0.572261973,Zhejiang,Zhejiang_Hangzhou,NA
3/20/2022,0,0.549101875,Zhejiang,Zhejiang_Hangzhou,NA
3/21/2022,0,0.54814901,Zhejiang,Zhejiang_Hangzhou,NA
3/22/2022,1,0.573685883,Zhejiang,Zhejiang_Hangzhou,NA
3/23/2022,1,0.633504174,Zhejiang,Zhejiang_Hangzhou,NA
3/24/2022,1,0.739020864,Zhejiang,Zhejiang_Hangzhou,NA
3/25/2022,1,0.903772718,Zhejiang,Zhejiang_Hangzhou,0.773692454
3/26/2022,1,1.136791679,Zhejiang,Zhejiang_Hangzhou,0.455600526
3/27/2022,1,1.428545025,Zhejiang,Zhejiang_Hangzhou,-0.008334371
3/28/2022,1,1.736147311,Zhejiang,Zhejiang_Hangzhou,-0.245254523
3/29/2022,2,1.990620366,Zhejiang,Zhejiang_Hangzhou,-0.300723845
3/30/2022,5,2.131458452,Zhejiang,Zhejiang_Hangzhou,-0.22936725
3/31/2022,6,2.138877132,Zhejiang,Zhejiang_Hangzhou,-0.080966348
4/1/2022,6,2.03673562,Zhejiang,Zhejiang_Hangzhou,0.172535868
4/2/2022,4,1.873044595,Zhejiang,Zhejiang_Hangzhou,0.478463547
4/3/2022,3,1.688782214,Zhejiang,Zhejiang_Hangzhou,0.693205385
4/4/2022,4,1.507649262,Zhejiang,Zhejiang_Hangzhou,0.798034659
4/5/2022,10,1.340443108,Zhejiang,Zhejiang_Hangzhou,0.712488025
4/6/2022,2,1.192346298,Zhejiang,Zhejiang_Hangzhou,0.428927169
4/7/2022,4,1.068613857,Zhejiang,Zhejiang_Hangzhou,0.078331432
4/8/2022,11,0.976074385,Zhejiang,Zhejiang_Hangzhou,-0.349208061
4/9/2022,17,0.920970995,Zhejiang,Zhejiang_Hangzhou,-0.662719867
4/10/2022,17,0.909769353,Zhejiang,Zhejiang_Hangzhou,-0.799133926
4/11/2022,10,0.948844549,Zhejiang,Zhejiang_Hangzhou,-0.845937934
4/12/2022,9,1.043688034,Zhejiang,Zhejiang_Hangzhou,-0.737355331
4/13/2022,5,1.194480363,Zhejiang,Zhejiang_Hangzhou,-0.483981129
4/14/2022,6,1.388131468,Zhejiang,Zhejiang_Hangzhou,-0.417048455
4/15/2022,6,1.592152171,Zhejiang,Zhejiang_Hangzhou,-0.525698458
4/16/2022,5,1.759910646,Zhejiang,Zhejiang_Hangzhou,-0.669179592
4/17/2022,3,1.850198779,Zhejiang,Zhejiang_Hangzhou,-0.797057101
4/18/2022,9,1.846281975,Zhejiang,Zhejiang_Hangzhou,-0.821327011
4/19/2022,11,1.760602862,Zhejiang,Zhejiang_Hangzhou,-0.844448329
4/20/2022,14,1.623666278,Zhejiang,Zhejiang_Hangzhou,-0.867642426
4/21/2022,35,1.464019448,Zhejiang,Zhejiang_Hangzhou,-0.876399758
4/22/2022,46,1.300055724,Zhejiang,Zhejiang_Hangzhou,-0.87333178
4/23/2022,35,1.141404495,Zhejiang,Zhejiang_Hangzhou,-0.845845395
4/24/2022,26,0.993223235,Zhejiang,Zhejiang_Hangzhou,-0.780343326
4/25/2022,29,0.85995918,Zhejiang,Zhejiang_Hangzhou,-0.617691372
4/26/2022,35,0.745685706,Zhejiang,Zhejiang_Hangzhou,-0.248968213
4/27/2022,18,0.652059063,Zhejiang,Zhejiang_Hangzhou,0.077767772
4/28/2022,30,0.578902381,Zhejiang,Zhejiang_Hangzhou,0.329805146
4/29/2022,4,0.524993176,Zhejiang,Zhejiang_Hangzhou,0.491085709
4/30/2022,3,0.488764939,Zhejiang,Zhejiang_Hangzhou,0.59035444
5/1/2022,2,0.468613952,Zhejiang,Zhejiang_Hangzhou,0.700629736
5/2/2022,7,0.462898525,Zhejiang,Zhejiang_Hangzhou,0.795187159
5/3/2022,0,0.46970366,Zhejiang,Zhejiang_Hangzhou,0.828523331
5/4/2022,2,0.486447113,Zhejiang,Zhejiang_Hangzhou,0.644602708
5/5/2022,0,0.510063012,Zhejiang,Zhejiang_Hangzhou,0.350548878
5/6/2022,1,0.537618778,Zhejiang,Zhejiang_Hangzhou,0.144196236
5/7/2022,0,0.566481265,Zhejiang,Zhejiang_Hangzhou,0.034278056
5/8/2022,4,0.594562126,Zhejiang,Zhejiang_Hangzhou,0.01604208
5/9/2022,3,0.620410427,Zhejiang,Zhejiang_Hangzhou,0.181932858
5/10/2022,3,0.643163376,Zhejiang,Zhejiang_Hangzhou,0.501723536
5/11/2022,16,0.662421036,Zhejiang,Zhejiang_Hangzhou,0.734490744
5/12/2022,2,0.678138614,Zhejiang,Zhejiang_Hangzhou,0.814968948
5/13/2022,2,0.690590273,Zhejiang,Zhejiang_Hangzhou,0.844177968
5/14/2022,2,0.700248065,Zhejiang,Zhejiang_Hangzhou,0.844638291
5/15/2022,0,0.707679774,Zhejiang,Zhejiang_Hangzhou,0.838570695
5/16/2022,0,0.713716582,Zhejiang,Zhejiang_Hangzhou,0.840034441
5/17/2022,0,0.719489008,Zhejiang,Zhejiang_Hangzhou,0.840262859
5/18/2022,0,0.726232973,Zhejiang,Zhejiang_Hangzhou,0.794210193
5/19/2022,0,0.735075814,Zhejiang,Zhejiang_Hangzhou,0.746392387
5/20/2022,2,0.746890147,Zhejiang,Zhejiang_Hangzhou,0.727837802
5/21/2022,0,0.762243807,Zhejiang,Zhejiang_Hangzhou,0.747358533
5/22/2022,0,0.781448535,Zhejiang,Zhejiang_Hangzhou,0.811230202
5/23/2022,0,0.80460114,Zhejiang,Zhejiang_Hangzhou,0.911272675
5/24/2022,1,0.831721641,Zhejiang,Zhejiang_Hangzhou,0.955341422
5/25/2022,0,0.863052757,Zhejiang,Zhejiang_Hangzhou,0.933651479
5/26/2022,0,0.899155421,Zhejiang,Zhejiang_Hangzhou,0.90740559
5/27/2022,1,0.940704776,Zhejiang,Zhejiang_Hangzhou,0.883582788
5/28/2022,2,0.988159393,Zhejiang,Zhejiang_Hangzhou,0.8885395
5/29/2022,0,1.041454551,Zhejiang,Zhejiang_Hangzhou,0.869141251
5/30/2022,0,1.099857045,Zhejiang,Zhejiang_Hangzhou,0.836400832
5/31/2022,0,1.162098049,Zhejiang,Zhejiang_Hangzhou,0.808932985
6/1/2022,0,1.226805394,Zhejiang,Zhejiang_Hangzhou,0.793435712
6/2/2022,1,1.29314358,Zhejiang,Zhejiang_Hangzhou,0.845342365
6/3/2022,0,1.361176563,Zhejiang,Zhejiang_Hangzhou,0.885506642
6/4/2022,0,1.43149837,Zhejiang,Zhejiang_Hangzhou,0.910922231
6/5/2022,0,1.50431584,Zhejiang,Zhejiang_Hangzhou,0.796819968
6/6/2022,0,1.578389286,Zhejiang,Zhejiang_Hangzhou,0.812140472
6/7/2022,2,1.650427544,Zhejiang,Zhejiang_Hangzhou,0.856566605
6/8/2022,0,1.715507439,Zhejiang,Zhejiang_Hangzhou,0.894458942
6/9/2022,0,1.768588278,Zhejiang,Zhejiang_Hangzhou,0.922119252
6/10/2022,0,1.806427296,Zhejiang,Zhejiang_Hangzhou,0.940370487
6/11/2022,0,1.828691956,Zhejiang,Zhejiang_Hangzhou,0.957221519
6/12/2022,0,1.838439024,Zhejiang,Zhejiang_Hangzhou,0.935947814
6/13/2022,1,1.840464636,Zhejiang,Zhejiang_Hangzhou,0.874180764
3/12/2022,1,2.779400438,Zhejiang,Zhejiang_Jiaxing,NA
3/13/2022,1,2.289414741,Zhejiang,Zhejiang_Jiaxing,NA
3/14/2022,16,1.906885279,Zhejiang,Zhejiang_Jiaxing,NA
3/15/2022,7,1.601295602,Zhejiang,Zhejiang_Jiaxing,NA
3/16/2022,11,1.349786915,Zhejiang,Zhejiang_Jiaxing,NA
3/17/2022,3,1.138488405,Zhejiang,Zhejiang_Jiaxing,NA
3/18/2022,8,0.963554476,Zhejiang,Zhejiang_Jiaxing,NA
3/19/2022,5,0.827590407,Zhejiang,Zhejiang_Jiaxing,NA
3/20/2022,5,0.732289772,Zhejiang,Zhejiang_Jiaxing,NA
3/21/2022,1,0.678053942,Zhejiang,Zhejiang_Jiaxing,NA
3/22/2022,1,0.665834271,Zhejiang,Zhejiang_Jiaxing,NA
3/23/2022,2,0.698575752,Zhejiang,Zhejiang_Jiaxing,NA
3/24/2022,1,0.781497147,Zhejiang,Zhejiang_Jiaxing,NA
3/25/2022,0,0.920353239,Zhejiang,Zhejiang_Jiaxing,0.877398964
3/26/2022,2,1.116992499,Zhejiang,Zhejiang_Jiaxing,0.824431257
3/27/2022,2,1.364638887,Zhejiang,Zhejiang_Jiaxing,0.66678447
3/28/2022,7,1.643024228,Zhejiang,Zhejiang_Jiaxing,0.320691265
3/29/2022,8,1.916842117,Zhejiang,Zhejiang_Jiaxing,-0.038678948
3/30/2022,13,2.142793601,Zhejiang,Zhejiang_Jiaxing,-0.220348979
3/31/2022,4,2.28237584,Zhejiang,Zhejiang_Jiaxing,-0.272965532
4/1/2022,7,2.314413091,Zhejiang,Zhejiang_Jiaxing,-0.229001483
4/2/2022,5,2.240435784,Zhejiang,Zhejiang_Jiaxing,-0.111007247
4/3/2022,7,2.080542522,Zhejiang,Zhejiang_Jiaxing,0.130082305
4/4/2022,26,1.865497227,Zhejiang,Zhejiang_Jiaxing,0.404650968
4/5/2022,49,1.631271429,Zhejiang,Zhejiang_Jiaxing,0.52864699
4/6/2022,47,1.403793269,Zhejiang,Zhejiang_Jiaxing,0.578411889
4/7/2022,29,1.19414928,Zhejiang,Zhejiang_Jiaxing,0.696002387
4/8/2022,24,1.004209513,Zhejiang,Zhejiang_Jiaxing,0.823845979
4/9/2022,24,0.833388051,Zhejiang,Zhejiang_Jiaxing,0.923548358
4/10/2022,11,0.683095731,Zhejiang,Zhejiang_Jiaxing,0.975236326
4/11/2022,12,0.557848591,Zhejiang,Zhejiang_Jiaxing,0.992970909
4/12/2022,11,0.460295359,Zhejiang,Zhejiang_Jiaxing,0.994809697
4/13/2022,4,0.389678241,Zhejiang,Zhejiang_Jiaxing,0.990023587
4/14/2022,5,0.343702849,Zhejiang,Zhejiang_Jiaxing,0.978968327
4/15/2022,2,0.320073656,Zhejiang,Zhejiang_Jiaxing,0.957626653
4/16/2022,0,0.317291589,Zhejiang,Zhejiang_Jiaxing,0.919989333
4/17/2022,15,0.334759509,Zhejiang,Zhejiang_Jiaxing,0.846269563
4/18/2022,6,0.372177094,Zhejiang,Zhejiang_Jiaxing,0.683055873
4/19/2022,6,0.428476988,Zhejiang,Zhejiang_Jiaxing,0.378709688
4/20/2022,2,0.501672014,Zhejiang,Zhejiang_Jiaxing,0.041752842
4/21/2022,3,0.588779206,Zhejiang,Zhejiang_Jiaxing,-0.074293348
4/22/2022,1,0.68626024,Zhejiang,Zhejiang_Jiaxing,0.123491579
4/23/2022,1,0.7910667,Zhejiang,Zhejiang_Jiaxing,0.505114224
4/24/2022,0,0.901662965,Zhejiang,Zhejiang_Jiaxing,0.783749214
4/25/2022,1,1.018653492,Zhejiang,Zhejiang_Jiaxing,0.898140256
4/26/2022,0,1.145227117,Zhejiang,Zhejiang_Jiaxing,0.923365556
4/27/2022,2,1.287487119,Zhejiang,Zhejiang_Jiaxing,0.907891968
4/28/2022,0,1.451340379,Zhejiang,Zhejiang_Jiaxing,0.854530603
4/29/2022,0,1.633577139,Zhejiang,Zhejiang_Jiaxing,0.773014935
4/30/2022,1,1.814969032,Zhejiang,Zhejiang_Jiaxing,0.701377975
5/1/2022,4,1.959638488,Zhejiang,Zhejiang_Jiaxing,0.636620212
5/2/2022,6,2.026884457,Zhejiang,Zhejiang_Jiaxing,0.558025035
5/3/2022,5,1.992028771,Zhejiang,Zhejiang_Jiaxing,0.494807114
5/4/2022,9,1.859691751,Zhejiang,Zhejiang_Jiaxing,0.404240586
5/5/2022,13,1.659130319,Zhejiang,Zhejiang_Jiaxing,0.222765116
5/6/2022,16,1.43182226,Zhejiang,Zhejiang_Jiaxing,0.011427391
5/7/2022,22,1.209677903,Zhejiang,Zhejiang_Jiaxing,-0.204511464
5/8/2022,11,1.004772716,Zhejiang,Zhejiang_Jiaxing,-0.415719804
5/9/2022,5,0.817657165,Zhejiang,Zhejiang_Jiaxing,-0.604461398
5/10/2022,3,0.647554661,Zhejiang,Zhejiang_Jiaxing,-0.733830289
5/11/2022,2,0.498039798,Zhejiang,Zhejiang_Jiaxing,-0.811141407
5/12/2022,2,0.377658097,Zhejiang,Zhejiang_Jiaxing,-0.867251488
5/13/2022,0,0.292517655,Zhejiang,Zhejiang_Jiaxing,-0.911831439
5/14/2022,0,0.241775912,Zhejiang,Zhejiang_Jiaxing,-0.935805982
5/15/2022,0,0.223022321,Zhejiang,Zhejiang_Jiaxing,-0.945943571
5/16/2022,0,0.237406118,Zhejiang,Zhejiang_Jiaxing,-0.952385591
5/17/2022,1,0.2936839,Zhejiang,Zhejiang_Jiaxing,-0.912544794
5/18/2022,0,0.411256686,Zhejiang,Zhejiang_Jiaxing,-0.786779895
5/19/2022,1,0.616934013,Zhejiang,Zhejiang_Jiaxing,-0.581180495
5/20/2022,0,0.921567299,Zhejiang,Zhejiang_Jiaxing,-0.200141745
5/21/2022,1,1.280725802,Zhejiang,Zhejiang_Jiaxing,0.325563898
5/22/2022,1,1.603778509,Zhejiang,Zhejiang_Jiaxing,0.687890536
5/23/2022,1,1.822377864,Zhejiang,Zhejiang_Jiaxing,0.832856917
4/2/2022,3,2.033686511,Zhejiang,Zhejiang_Jinhua,NA
4/3/2022,0,1.703252165,Zhejiang,Zhejiang_Jinhua,NA
4/4/2022,0,1.471009119,Zhejiang,Zhejiang_Jinhua,NA
4/5/2022,1,1.310622531,Zhejiang,Zhejiang_Jinhua,NA
4/6/2022,0,1.212824945,Zhejiang,Zhejiang_Jinhua,NA
4/7/2022,0,1.180618543,Zhejiang,Zhejiang_Jinhua,NA
4/8/2022,0,1.234019673,Zhejiang,Zhejiang_Jinhua,NA
4/9/2022,3,1.427142767,Zhejiang,Zhejiang_Jinhua,NA
4/10/2022,2,1.864265236,Zhejiang,Zhejiang_Jinhua,NA
4/11/2022,0,2.648661534,Zhejiang,Zhejiang_Jinhua,NA
4/12/2022,2,3.678266358,Zhejiang,Zhejiang_Jinhua,NA
4/13/2022,0,4.443912362,Zhejiang,Zhejiang_Jinhua,NA
4/14/2022,4,4.433030178,Zhejiang,Zhejiang_Jinhua,NA
4/15/2022,2,3.750139914,Zhejiang,Zhejiang_Jinhua,-0.610904782
4/16/2022,21,2.916552842,Zhejiang,Zhejiang_Jinhua,-0.677007527
4/17/2022,56,2.242868177,Zhejiang,Zhejiang_Jinhua,-0.535630725
4/18/2022,32,1.759096074,Zhejiang,Zhejiang_Jinhua,-0.334132065
4/19/2022,36,1.401715794,Zhejiang,Zhejiang_Jinhua,-0.112850214
4/20/2022,18,1.105981271,Zhejiang,Zhejiang_Jinhua,0.126284783
4/21/2022,13,0.839314929,Zhejiang,Zhejiang_Jinhua,0.375499273
4/22/2022,15,0.614992262,Zhejiang,Zhejiang_Jinhua,0.614446999
4/23/2022,6,0.459094301,Zhejiang,Zhejiang_Jinhua,0.81138891
4/24/2022,5,0.374595127,Zhejiang,Zhejiang_Jinhua,0.910540482
4/25/2022,6,0.349583902,Zhejiang,Zhejiang_Jinhua,0.953828904
4/26/2022,3,0.367412721,Zhejiang,Zhejiang_Jinhua,0.956477491
4/27/2022,35,0.408803753,Zhejiang,Zhejiang_Jinhua,0.952458789
4/28/2022,4,0.454494611,Zhejiang,Zhejiang_Jinhua,0.967439607
4/29/2022,0,0.48911321,Zhejiang,Zhejiang_Jinhua,0.985368194
4/30/2022,0,0.502252971,Zhejiang,Zhejiang_Jinhua,0.978191606
5/1/2022,2,0.489314419,Zhejiang,Zhejiang_Jinhua,0.901401257
5/2/2022,0,0.455170914,Zhejiang,Zhejiang_Jinhua,0.707784298
5/3/2022,1,0.419382739,Zhejiang,Zhejiang_Jinhua,0.400110274
5/4/2022,0,0.416873898,Zhejiang,Zhejiang_Jinhua,0.146966281
5/5/2022,1,0.488439647,Zhejiang,Zhejiang_Jinhua,0.209646103
5/6/2022,0,0.687805474,Zhejiang,Zhejiang_Jinhua,0.618598945
5/7/2022,1,1.068911749,Zhejiang,Zhejiang_Jinhua,0.649189905
